a1_m,a1_peak,a1_pwr,a1_fp_idx,a1_acc,a1_xo,a2_m,a2_peak,a2_pwr,a2_fp_idx,a2_acc,a2_xo,a3_m,a3_peak,a3_pwr,a3_fp_idx,a3_acc,a3_xo,a4_m,a4_peak,a4_pwr,a4_fp_idx,a4_acc,a4_xo,a5_m,a5_peak,a5_pwr,a5_fp_idx,a5_acc,a5_xo
,0,0,0,0,0,,0,0,0,0,0,,0,0,0,0,0,2.3563788678784845,1556097328,10,47392,49,8149,,0,0,0,0,0
,0,0,0,0,0,,0,0,0,0,0,,0,0,0,0,0,2.5808677452789532,1558193392,10,47495,49,8104,,0,0,0,0,0
,0,0,0,0,0,,0,0,0,0,0,,0,0,0,0,0,2.309461244848888,1556096435,10,47372,49,8124,,0,0,0,0,0
,0,0,0,0,0,,0,0,0,0,0,,0,0,0,0,0,2.309461244848888,1556096435,10,47372,49,8124,,0,0,0,0,0
,0,0,0,0,0,,0,0,0,0,0,,0,0,0,0,0,2.130765317369746,1551901603,9,47300,49,8124,,0,0,0,0,0
,0,0,0,0,0,,0,0,0,0,0,,0,0,0,0,0,1.8217205831704797,1547705501,7,47170,49,8126,,0,0,0,0,0
,0,0,0,0,0,,0,0,0,0,0,,0,0,0,0,0,1.8217205831704797,1547705501,7,47170,49,8126,,0,0,,0,0
,0,0,0,0,0,,0,0,0,0,0,,0,0,0,0,0,2.520590548482073,1564482876,8,47462,49,8114,,0,0,0,0,0
,0,0,0,0,0,,0,0,0,0,0,,0,0,0,0,0,2.520590548482073,1564482876,8,47462,49,8114,,0,0,0,0,0
,0,0,0,0,0,,0,0,0,0,0,,0,0,0,0,0,1.8017304037934485,1553996121,5,47158,49,8189,,0,0,0,0,0
,0,0,0,0,0,,0,0,0,0,0,,0,0,0,0,0,1.8199881234414024,1553996960,7,47163,49,8138,,0,0,0,0,0
,0,0,0,0,0,,0,0,0,0,0,,0,0,0,0,0,2.2671331428889387,1553998208,9,47355,49,8115,,0,0,0,0,0
,0,0,0,0,0,,0,0,0,0,0,,0,0,0,0,0,2.1364757174539153,1553998269,10,47308,49,8171,,0,0,0,0,0
,0,0,0,0,0,,0,0,0,0,0,,0,0,0,0,0,2.517019649831147,1558194025,10,47465,49,8122,,0,0,0,0,0
,0,0,0,0,0,,0,0,0,0,0,,0,0,0,0,0,2.3496479500504375,1556097375,10,47386,49,8170,,0,0,0,0,0
,0,0,0,0,0,,0,0,0,0,0,,0,0,0,0,0,2.5805629275408175,1558194546,10,47490,49,8126,,0,0,0,0,0
,0,0,0,0,0,,0,0,0,0,0,,0,0,0,0,0,2.265398819890902,1553999175,10,47356,49,8158,,0,0,0,0,0
,0,0,0,0,0,,0,0,0,0,0,,0,0,0,0,0,2.425939261098886,1556097681,11,47422,49,8135,,0,0,0,0,0
,0,0,0,0,0,,0,0,0,0,0,,0,0,0,0,0,2.065998927441053,1551903545,12,47271,49,8083,,0,0,0,0,0
,0,0,0,0,0,,0,0,0,0,0,,0,0,0,0,0,2.7736392973593214,1562388576,11,47573,49,8146,,0,0,0,0,0
,0,0,0,0,0,,0,0,0,0,0,,0,0,0,0,0,2.5978001371659407,1558193050,10,47497,49,8152,,0,0,0,0,0
,0,0,0,0,0,,0,0,0,0,0,,0,0,0,0,0,2.0403987135438646,1551903193,11,47258,49,8170,,0,0,0,0,0
,0,0,0,0,0,,0,0,0,0,0,,0,0,0,0,0,1.7822495522851722,1547709257,11,47149,49,8099,,0,0,0,0,0
,0,0,0,0,0,,0,0,0,0,0,,0,0,0,0,0,1.7822495522851722,1547709257,11,47149,49,8099,,0,0,0,0,0
,0,0,0,0,0,,0,0,0,0,0,,0,0,0,0,0,1.9354456262440511,1549806423,11,47215,49,8130,,0,0,0,0,0
,0,0,0,0,0,,0,0,0,0,0,,0,0,0,0,0,2.432160863175904,1556096656,10,47425,49,8167,,0,0,0,0,0
,0,0,0,,0,,0,0,0,0,0,,0,0,0,0,0,1.9106614490973166,1549805553,10,47202,49,8107,,0,0,0,0,0
,0,0,0,0,0,,0,0,0,0,0,,0,0,0,0,0,1.9106614490973166,1549805553,10,47202,49,8107,,0,0,0,0,0
,0,0,0,0,0,,0,0,0,0,0,,0,0,0,0,0,1.87384115292186,1549807223,10,47187,49,8182,,0,0,0,0,0
,0,0,0,0,0,,0,0,0,0,0,,0,0,0,0,0,1.6947381477687204,1547710661,12,47111,49,8142,,0,0,0,0,0
,0,0,0,0,0,,0,0,0,0,0,,0,0,0,0,0,1.6947381477687204,1547710661,12,47111,49,8142,,0,0,0,0,0
,0,0,0,0,0,,0,0,0,0,0,,0,0,0,0,0,2.6016758574014394,1560293164,12,47499,49,8081,,0,0,0,0,0
,0,0,0,0,0,,0,0,0,0,0,,0,0,0,0,0,2.2278647224885773,1554000731,9,47340,49,8156,,0,0,0,0,0
,0,0,0,0,0,,0,0,0,0,0,,0,0,0,0,0,2.48988960640016,1558196021,12,47451,49,8150,,0,0,0,0,0
,0,0,0,0,0,,0,0,0,0,0,,0,0,0,0,0,1.7184014302099637,1547709475,9,47119,49,8157,,0,0,0,0,0
,0,0,0,0,0,,0,0,0,0,0,,0,0,0,0,0,1.9768554461105319,1549806424,10,47233,49,8079,,0,0,0,0,0
,0,0,0,0,0,,0,0,0,0,0,,0,0,0,0,0,2.3056877649432943,1556098918,11,47369,49,8166,,0,0,0,0,0
,0,0,0,0,0,,0,0,0,0,0,,0,0,0,0,0,2.513450661280836,1558195904,10,47460,49,8129,,0,0,0,0,0
,0,0,0,0,0,,0,0,0,0,0,,0,0,0,0,0,1.5925398851905752,1562390613,12,47577,49,8135,,0,0,0,0,0
,0,0,0,0,0,,0,0,0,0,0,,0,0,0,0,0,1.5925398851905752,1562390613,12,47577,49,8135,,0,0,0,0,0
,0,0,0,0,0,,0,0,0,0,0,,0,0,0,0,0,1.9785897642012877,1549805866,9,47232,49,8138,,0,0,0,0,0
,0,0,0,0,0,,0,0,0,0,0,,0,0,0,0,0,1.9785897642012877,1549805866,9,47232,49,8138,,0,0,0,0,0
,0,0,0,0,0,,0,0,0,0,0,,0,0,0,0,0,2.250814216061892,1554000622,9,47347,49,8111,,0,0,0,0,0
,0,0,0,0,0,,0,0,0,0,0,,0,0,0,0,0,2.312725408493485,1556097410,8,47372,49,8109,,0,0,0,0,0
,0,0,0,0,0,,0,0,0,0,0,,0,0,0,0,0,2.393606243888612,1556097331,8,47408,49,8127,,0,0,0,0,0
,0,0,0,0,0,,0,0,0,0,0,,0,0,0,0,0,2.4358321033226,1556097644,9,47426,49,8181,,0,0,0,0,0
,0,0,0,0,0,,0,0,0,0,0,,0,0,0,0,0,2.4672468421338265,1558194583,8,47438,49,10,,0,0,0,0,0
,0,0,0,0,0,,0,0,0,0,0,,0,0,0,0,0,2.4817311015812695,1558193909,7,47440,49,8158,,0,0,0,0,0
,0,0,0,0,0,,0,0,0,0,0,,0,0,0,0,0,2.4273668632369114,1556096478,7,47421,49,8117,,0,0,0,0,0
,0,0,0,0,0,,0,0,0,0,0,,0,0,0,0,0,2.3620911600071817,1556096198,7,47389,49,8142,,0,0,0,0,0
,0,0,0,0,0,,0,0,0,0,0,,0,0,0,0,0,2.205835399674024,1553999806,7,47321,49,8141,,0,0,0,0,0
,0,0,0,0,0,,0,0,0,0,0,,0,0,0,0,0,2.0749753737568075,1551903205,8,47268,49,8089,,0,0,0,0,0
,0,0,0,0,0,,0,0,0,0,0,,0,0,0,0,0,1.8369186255899177,1547707402,7,47170,49,8099,,0,0,0,0,0
,0,0,0,0,0,,0,0,0,0,0,,0,0,0,0,0,1.8369186255899177,1547707402,7,47170,49,8099,,0,0,0,0,0
,0,0,0,0,0,,0,0,0,0,0,,0,0,0,0,0,2.526302844520636,1558194266,7,47459,49,8163,,0,0,0,0,0
,0,0,0,0,0,,0,0,0,0,0,,0,0,0,0,0,2.2724364685638134,1553999793,8,47356,49,8076,,0,0,0,0,0
,0,0,0,0,0,,0,0,0,0,0,,0,0,0,0,0,1.8336544682441,1547708486,8,47170,49,8142,,0,0,0,0,0
,0,0,0,0,0,,0,0,0,0,0,,0,0,0,0,0,2.749773109924499,1560291624,8,47556,49,38,,0,0,0,0,0
,0,0,0,0,0,,0,0,0,0,0,,0,0,0,0,0,2.2476522992676906,1553999102,6,47343,49,8116,,0,0,0,0,0
,0,0,0,0,0,,0,0,0,0,0,,0,0,0,0,0,1.855176345812382,1549805543,8,47175,49,8131,,0,0,0,0,0
,0,0,0,0,0,,0,0,0,0,0,,0,0,0,0,0,2.4619435247220456,1558191442,6,47434,49,8166,,0,0,0,0,0
,0,0,0,0,0,,0,0,0,0,0,,0,0,0,0,0,2.0301991541778053,1551898697,4,47251,49,8134,,0,0,0,0,0
,0,0,0,0,0,,0,0,0,0,0,,0,0,0,0,0,2.617792211606703,1558185980,0,47498,33,8164,,0,0,0,0,0
,0,0,0,0,0,,0,0,0,0,0,,0,0,0,0,0,2.128012360949165,1551895229,1,47292,41,8167,,0,0,0,0,0
,0,0,0,0,0,,0,0,0,0,0,,0,0,0,0,0,2.603103457140105,1558187709,2,47498,49,8172,,0,0,0,0,0
,0,0,0,0,0,,0,0,0,0,0,,0,0,0,0,0,2.603103457140105,1558187709,2,47498,49,8172,,0,0,0,0,0
,0,0,0,0,0,,0,0,0,0,0,,0,0,0,0,0,2.5872938401967973,1541409406,1,46982,41,8129,,0,0,0,0,0
,0,0,0,0,0,,0,0,0,0,0,,0,0,0,0,0,1.9795080456040195,1551895205,1,47229,41,19,,0,0,0,0,0
,0,0,0,0,0,,0,0,0,0,0,,0,0,0,0,0,2.690107465363679,1543506690,1,47014,41,8166,,0,0,0,0,0
,0,0,0,0,0,,0,0,0,0,0,,0,0,0,0,0,1.8889388110971994,1564478225,1,47181,41,8112,,0,0,0,0,0
,0,0,0,0,0,,0,0,0,0,0,,0,0,0,0,0,2.7845526666517153,1545605543,3,47064,49,8160,,0,0,0,0,0
,0,0,0,0,0,,0,0,0,0,0,,0,0,0,0,0,1.8641509202210944,1549799865,2,47184,49,8,,0,0,0,0,0
,0,0,0,0,0,,0,0,0,0,0,,0,0,0,0,0,2.3990098987292643,1558187886,2,47420,49,9,,0,0,0,0,0
,0,0,0,0,0,,0,0,0,0,0,,0,0,0,0,0,2.7445720409176664,1543507431,2,47040,49,8173,,0,0,0,0,0
,0,0,0,0,0,,0,0,0,0,0,,0,0,0,0,0,2.030096913636607,1535118915,2,46741,49,10,,0,0,0,0,0
,0,0,0,0,0,,0,0,0,0,0,,0,0,0,0,0,2.663891871747866,1543507814,3,47015,49,8142,,0,0,0,0,0
,0,0,0,0,0,,0,0,0,0,0,,0,0,0,0,0,2.057635924952535,1551896389,2,47263,49,8175,,0,0,0,0,0
,0,0,0,0,0,,0,0,0,0,0,,0,0,0,0,0,2.1318862004232306,1553993368,2,47303,49,8092,,0,0,0,0,0
,0,0,0,0,0,,0,0,0,0,0,,0,0,0,0,0,2.554349261267692,1545604740,2,46969,49,8114,,0,0,0,0,0
,0,0,0,0,0,,0,0,0,0,0,,0,0,0,0,0,2.5677107500987777,1545603969,1,46974,41,8146,,0,0,0,0,0
,0,0,0,0,0,,0,0,0,0,0,,0,0,0,0,0,3.0064816777316015,1564478374,1,47208,41,8154,,0,0,0,0,0
,0,0,0,0,0,,0,0,0,0,0,,0,0,0,0,0,2.9694569057048605,1562381922,2,47195,49,8148,,0,0,0,0,0
,0,0,0,0,0,,0,0,0,0,0,,0,0,0,0,0,1.9313691491225322,1566575984,2,47197,49,8140,,0,0,0,0,0
,0,0,0,0,0,,0,0,0,0,0,,0,0,0,0,0,1.8556875243437119,1547702973,3,47173,49,17,,0,0,0,0,0
,0,0,0,0,0,,0,0,0,0,0,,0,0,0,0,0,2.022549943087358,1551897093,3,47249,49,8153,,0,0,0,0,0
,0,0,0,0,0,,0,0,0,0,0,,0,0,0,0,0,1.8160101637887525,1547702757,3,47162,49,8116,,0,0,0,0,0
,0,0,0,0,0,,0,0,0,0,0,,0,0,0,0,0,1.9719592068653793,1549799714,3,47233,49,8150,,0,0,0,0,0
,0,0,0,0,0,,0,0,0,0,0,,0,0,0,0,0,1.6754599212760704,1545604688,2,47108,49,8186,,0,0,0,0,0
,0,0,0,0,0,,0,0,0,0,0,,0,0,0,0,0,1.7737824499212764,1564478324,1,47152,41,8110,,0,0,0,0,0
,0,0,0,0,0,,0,0,0,0,0,,0,0,0,0,0,2.506617505150339,1547701252,1,46943,41,8162,,0,0,0,0,0
,0,0,0,0,0,,0,0,0,0,0,,0,0,0,0,0,1.9241233081083933,1549800312,3,47214,49,8142,,0,0,0,0,0
,0,0,0,0,0,,0,0,0,0,0,,0,0,0,0,0,1.9978680046454786,1549801712,4,47235,49,8171,,0,0,0,0,0
,0,0,0,0,0,,0,0,0,0,0,,0,0,0,0,0,2.510799956276492,1558188896,3,47454,49,8186,,0,0,0,0,0
,0,0,0,0,0,,0,0,0,0,0,,0,0,0,0,0,2.5962722107825758,1558189443,3,47488,49,8141,,0,0,0,0,0
,0,0,0,0,0,,0,0,0,0,0,,0,0,0,0,0,1.843549171814065,1547701909,2,47172,49,8171,,0,0,0,0,0
,0,0,0,0,0,,0,0,0,0,0,,0,0,0,0,0,1.6736215198288233,1551896398,2,47118,49,8142,,0,0,0,0,0
,0,0,0,0,0,,0,0,0,0,0,,0,0,0,0,0,2.184315382846486,1553993265,2,47311,49,8149,,0,0,0,0,0
,0,0,0,0,0,,0,0,0,0,0,,0,0,0,0,0,2.572099599845601,1558189236,3,47477,49,8147,,0,0,0,0,0
,0,0,0,0,0,,0,0,0,0,0,,0,0,0,0,0,2.3110933266822897,1556091832,3,47372,49,8142,,0,0,0,0,0
,0,0,0,0,0,,0,0,0,0,0,,0,0,0,0,0,2.2048167576467788,1553995027,3,47315,49,8118,,0,0,0,0,0
