timestamp,elapsed_time,x,y,z,velocity,is_static,anchor_count,a1_measured,a1_filtered,a1_corrected,a2_measured,a2_filtered,a2_corrected,a3_measured,a3_filtered,a3_corrected,a4_measured,a4_filtered,a4_corrected,a5_measured,a5_filtered,a5_corrected
2025-11-08 13:36:04.911,2.415,1.397117,-0.141930,0.277243,0.000000,1,5,0.603613,1.331256,1.331256,2.721710,2.555950,2.555950,4.537805,4.310599,4.310599,4.515672,4.239619,4.239619,1.800774,1.992856,1.992856
2025-11-08 13:36:04.942,2.445,1.479468,-0.213454,0.519922,0.000000,1,5,0.603613,1.331256,1.331256,2.230547,2.265828,2.251336,4.537805,4.310599,4.310599,4.515672,4.239619,4.239619,1.800774,1.992856,1.992856
2025-11-08 13:36:04.998,2.502,1.369667,-0.144013,0.766137,0.059868,0,5,0.732495,1.200256,0.998968,2.298250,2.283717,2.311204,4.537805,4.310599,4.310599,3.755527,3.938956,3.476973,1.875513,1.995259,1.997729
2025-11-08 13:36:05.022,2.526,1.272206,-0.082597,0.998473,0.000000,0,5,0.732495,1.115483,0.998968,1.823200,2.234352,2.166503,4.537805,4.310599,4.310599,3.755527,3.744391,3.476973,1.875513,1.996096,1.997729
2025-11-08 13:36:05.045,2.549,1.254393,-0.092671,1.047397,0.070407,0,5,0.829565,1.095655,1.069375,1.864902,2.207408,2.171697,4.537805,4.310599,4.310599,4.180209,3.903510,4.114407,1.982791,2.116858,2.387408
2025-11-08 13:36:05.072,2.576,1.247944,-0.112809,0.991862,0.000000,0,5,0.829565,1.084279,1.069375,2.651149,2.315604,2.457340,4.537805,4.310599,4.310599,4.180209,3.994808,4.114407,1.982791,2.222633,2.387408
2025-11-08 13:36:05.116,2.620,1.154207,-0.040519,1.152064,0.069942,0,5,0.938157,1.069378,1.049932,2.668075,2.346750,2.387397,4.537805,4.310599,4.310599,3.429752,3.601307,3.087757,1.790168,2.126016,1.992622
2025-11-08 13:36:05.141,2.645,1.066885,0.033466,1.417733,0.000000,0,5,0.938157,1.060937,1.049932,2.208522,2.187166,1.979147,4.537805,4.310599,4.310599,3.429752,3.378365,3.087757,1.790168,2.068700,1.992622
2025-11-08 13:36:05.173,2.677,1.032195,0.073419,1.606291,0.082440,0,5,0.988119,1.149739,1.265449,2.251653,2.115704,2.022589,4.537805,4.310599,4.310599,3.775309,3.427472,3.491460,1.653830,2.071453,2.075062
2025-11-08 13:36:05.220,2.723,0.973459,0.117645,1.715410,0.224683,0,5,0.528465,1.100156,1.035556,2.575899,2.259642,2.447171,4.537805,4.310599,4.310599,3.580353,3.360276,3.272729,2.165092,2.170483,2.299745
2025-11-08 13:36:05.348,2.852,0.912611,0.156012,1.782012,0.000000,0,5,0.528465,1.072103,1.035556,2.603634,2.338940,2.442248,4.562174,4.317445,4.356433,3.580353,3.322258,3.272729,2.165092,2.226597,2.299745
2025-11-08 13:36:05.599,3.102,0.920856,0.159432,1.631392,0.100104,0,5,1.038286,1.019854,0.980354,2.730579,2.427182,2.542144,4.196834,4.221194,3.969967,3.944569,3.546178,3.837898,1.983188,2.301824,2.399849
2025-11-08 13:36:05.859,3.363,0.896667,0.215724,1.562909,0.000000,0,5,1.038286,1.005205,0.980354,2.730579,2.477105,2.542144,4.196834,4.125977,3.969967,3.423837,3.342060,3.076140,1.983188,2.344391,2.399849
2025-11-08 13:36:06.103,3.607,0.979099,0.235720,1.326386,0.487007,0,5,1.376094,1.261006,1.820802,2.734454,2.526372,2.590555,4.196834,4.061076,3.969967,4.302363,3.676577,4.112378,1.905389,2.156989,1.912841
2025-11-08 13:36:06.356,3.860,1.064534,0.277988,1.159812,0.000000,0,5,1.376094,1.480908,1.820802,2.734454,2.554244,2.590555,4.196834,4.022049,3.969967,3.900215,3.701568,3.734126,1.905389,2.050966,1.912841
2025-11-08 13:36:06.615,4.119,1.088152,0.322748,1.192499,0.434453,0,5,0.788779,1.441129,1.386349,2.487189,2.431568,2.271750,4.196834,3.999530,3.969967,3.575560,3.493731,3.222966,2.214443,2.243256,2.493767
2025-11-08 13:36:06.868,4.372,1.152978,0.300687,1.127841,0.000000,0,5,0.788779,1.417580,1.386349,2.487189,2.362166,2.271750,4.196834,3.986710,3.969967,4.142177,3.703771,3.977405,2.214443,2.352043,2.493767
2025-11-08 13:36:07.101,4.605,1.220905,0.324664,1.023310,0.471169,0,5,0.701396,1.298794,1.143154,1.909564,2.292025,2.200648,3.716379,3.774925,3.498798,3.761849,3.607501,3.482084,1.791291,2.201559,2.005512
2025-11-08 13:36:07.613,5.117,1.321833,0.282276,0.908057,0.258283,0,5,0.753499,1.161473,0.982246,1.607546,2.064753,1.768668,4.050924,3.767177,3.757081,4.002792,3.771591,3.985363,1.474078,2.089864,1.944351
2025-11-08 13:36:08.104,5.608,1.427416,0.283911,0.913523,0.416325,0,5,0.722808,1.269969,1.411399,1.139325,1.811884,1.482453,3.801623,3.695904,3.603044,3.534570,3.683631,3.569038,1.493045,1.688354,1.165277
2025-11-08 13:36:08.360,5.864,1.550417,0.275207,0.882225,0.000000,0,5,0.722808,1.331380,1.411399,1.139325,1.668826,1.482453,3.801623,3.655579,3.603044,4.025021,3.781116,3.908118,1.175018,1.400950,1.026526
2025-11-08 13:36:08.599,6.103,1.732544,0.283614,0.846984,0.328594,0,5,1.467249,1.603840,1.958815,1.003305,1.378127,0.999411,3.484922,3.490071,3.274450,4.133102,3.880326,4.009573,0.948454,1.245537,1.043070
2025-11-08 13:36:08.853,6.357,1.928843,0.274079,0.767097,0.000000,0,5,1.467249,1.757989,1.958815,1.003305,1.213666,0.999411,3.484922,3.396436,3.274450,4.302770,4.035678,4.238067,1.865318,1.373958,1.541262
2025-11-08 13:36:09.106,6.610,2.040554,0.321393,0.896716,0.476167,0,5,1.838501,2.051978,2.434982,0.924690,1.281177,1.369128,3.903177,3.524236,3.690732,3.848621,3.912844,3.752819,1.248636,1.213477,1.004405
2025-11-08 13:36:09.596,7.100,2.063241,0.416103,1.198746,0.109583,0,5,1.940771,2.248742,2.505082,1.562681,1.366958,1.478711,4.054696,3.647568,3.808242,3.459728,3.686172,3.390869,1.227530,1.121442,1.001542
2025-11-08 13:36:10.104,7.608,1.984697,0.481296,1.429487,0.095414,0,5,1.594909,1.947930,1.556040,1.588478,1.434163,1.521717,3.920614,3.675908,3.712828,3.149247,3.454479,3.152634,0.803971,1.078607,1.022803
2025-11-08 13:36:10.346,7.850,1.875405,0.527178,1.602342,0.000000,0,5,1.594909,1.777749,1.556040,1.747236,1.516886,1.624655,3.932237,3.714326,3.764376,3.149247,3.323400,3.152634,0.803971,1.054374,1.022803
2025-11-08 13:36:10.598,8.102,1.875405,0.527178,1.602342,0.145741,0,3,1.808625,2.076216,2.465053,1.245265,1.500397,1.478915,3.059934,3.331013,2.831642,,,,,,
2025-11-08 13:36:10.884,8.387,1.934105,0.726043,1.656198,0.024666,0,5,1.808625,2.245072,2.465053,1.245265,1.491068,1.478915,3.086955,3.095754,2.789265,2.970402,3.165498,2.959787,1.261383,1.029953,0.998137
2025-11-08 13:36:11.098,8.602,1.917729,0.879421,1.797867,0.349775,0,5,1.987879,2.175174,2.084113,0.928769,1.459249,1.417797,3.398353,3.133767,3.183289,2.733642,2.924273,2.610012,1.427175,1.052158,1.081086
2025-11-08 13:36:11.602,9.106,1.863687,0.967752,1.946512,0.107788,0,5,1.721753,2.088822,1.976325,0.989743,1.464978,1.472441,3.618697,3.252869,3.408032,2.898007,2.843858,2.739095,1.290747,1.031954,1.005632
2025-11-08 13:36:11.849,9.353,1.734284,0.938679,1.919715,0.000000,0,4,,,,0.989743,1.468219,1.472441,3.618697,3.320250,3.408032,2.898007,2.798364,2.739095,1.514560,1.096608,1.180837
2025-11-08 13:36:12.104,9.608,1.769315,0.975432,1.917983,0.394870,0,5,1.164719,1.947507,1.763405,0.963742,1.353695,1.204497,3.064828,3.110229,2.836619,3.384378,2.955401,3.159985,1.865419,1.304661,1.575707
2025-11-08 13:36:12.351,9.854,1.769315,0.975432,1.917983,0.000000,0,4,2.325280,2.056696,2.198944,,,,3.064828,2.991412,2.836619,3.384378,3.044243,3.159985,1.865419,1.422365,1.575707
2025-11-08 13:36:12.645,10.149,1.908144,0.941309,1.794937,0.571590,0,5,1.803630,2.191977,2.368218,0.843424,1.304369,1.240107,3.633891,3.180097,3.425910,4.032564,3.452712,3.984856,1.353863,1.240737,1.004118
2025-11-08 13:36:12.892,10.396,1.908144,0.941309,1.794937,0.000000,0,4,1.803630,2.268511,2.368218,1.637115,1.388886,1.498993,,,,4.032564,3.683800,3.984856,1.353863,1.137983,1.004118
2025-11-08 13:36:13.114,10.618,1.961808,0.945786,1.889602,0.140070,0,5,1.816783,2.309761,2.363500,1.194589,1.293127,1.168375,3.761346,3.347670,3.565980,2.887403,3.296965,2.793005,1.213254,1.080310,1.005175
2025-11-08 13:36:13.370,10.873,1.994014,0.920159,1.997886,0.000000,0,5,1.816783,2.333097,2.363500,1.194589,1.238953,1.168375,3.878605,3.487545,3.669772,3.714334,3.364592,3.452695,1.213254,1.047682,1.005175
2025-11-08 13:36:13.604,11.108,1.960459,0.924543,2.082374,0.417477,0,5,1.248027,2.124573,1.852912,1.167977,1.212080,1.177070,3.447601,3.385386,3.252295,2.925132,3.117647,2.795934,0.887581,1.097265,1.161860
2025-11-08 13:36:13.872,11.376,1.903604,0.934818,2.156306,0.000000,0,5,1.248027,2.006602,1.852912,1.167977,1.196877,1.177070,3.447601,3.327590,3.252295,2.969789,2.969900,2.777418,2.005109,1.352586,1.685213
2025-11-08 13:36:14.129,11.633,1.940713,0.888038,1.975404,0.289802,0,5,2.274397,2.004428,2.001597,1.359465,1.327998,1.498820,3.408754,3.272934,3.201730,4.035113,3.376421,3.906028,1.666690,1.371184,1.395412
2025-11-08 13:36:14.379,11.883,1.940713,0.888038,1.975404,0.000000,0,4,,,,1.359465,1.402179,1.498820,3.408754,3.242013,3.201730,4.035113,3.606408,3.906028,1.184501,1.227397,1.040074
2025-11-08 13:36:14.653,12.157,1.980903,0.912346,1.747916,0.504720,0,5,1.990122,2.222378,2.506317,1.927815,1.796775,2.310845,3.458918,3.251566,3.264011,3.488177,3.465980,3.283035,1.361614,1.136660,1.018450
2025-11-08 13:36:14.862,12.366,1.980903,0.912346,1.747916,0.021247,0,4,1.805159,2.132032,2.014331,,,,3.458918,3.256970,3.264011,3.488177,3.386535,3.283035,1.361614,1.094553,1.039697
2025-11-08 13:36:15.127,12.631,1.961415,0.867480,1.681860,0.448645,0,5,1.214072,2.072997,1.996088,1.737244,1.668784,1.502041,3.903891,3.454855,3.712656,3.750021,3.460100,3.555940,1.832384,1.337799,1.654695
2025-11-08 13:36:15.356,12.859,1.979165,0.816975,1.629589,0.000000,0,5,1.214072,2.039598,1.996088,1.147584,1.459528,1.186914,3.480536,3.379796,3.282010,3.750021,3.501719,3.555940,1.832384,1.475414,1.654695
2025-11-08 13:36:15.595,13.099,1.952187,0.809326,1.626596,0.308635,0,5,2.138990,2.023403,2.002305,1.777417,1.597518,1.777289,3.705368,3.429826,3.495005,3.232451,3.391238,3.247305,1.292379,1.271568,1.006002
2025-11-08 13:36:15.859,13.363,1.952187,0.809326,1.626596,0.000000,0,4,2.138990,2.014241,2.002305,1.777417,1.675585,1.777289,3.625428,3.427378,3.424188,,,,1.292379,1.156243,1.006002
2025-11-08 13:36:16.115,13.619,1.922737,0.813491,1.669162,0.091275,0,5,1.966161,2.048694,2.093580,1.228849,1.598886,1.498964,3.758899,3.479828,3.548160,3.214914,3.345279,3.285406,1.069485,1.093203,1.011075
2025-11-08 13:36:16.356,13.860,1.889735,0.790049,1.750458,0.000000,0,4,1.966161,2.068186,2.093580,1.228849,1.555494,1.498964,3.758899,3.509502,3.548160,3.585757,3.353807,3.364917,,,
2025-11-08 13:36:16.613,14.116,1.895150,0.782494,1.595094,0.307799,0,5,1.094775,1.879875,1.634547,1.881320,1.664610,1.806763,3.171278,3.365576,3.178073,3.649381,3.438955,3.549884,1.210909,1.056122,1.007813
2025-11-08 13:36:16.844,14.348,1.895150,0.782494,1.595094,0.000000,0,4,,,,1.881320,1.726341,1.806763,3.171278,3.284151,3.178073,3.649381,3.487127,3.549884,0.903895,1.101502,1.160622
2025-11-08 13:36:17.103,14.607,1.921716,0.706557,1.482104,0.377564,0,5,2.096471,1.932549,2.001171,1.097317,1.622398,1.486985,4.195102,3.543761,3.881975,4.052754,3.678340,3.927448,1.926086,1.337595,1.645171
2025-11-08 13:36:17.391,14.895,1.921716,0.706557,1.482104,0.000000,0,4,1.413005,1.942613,1.955724,,,,4.195102,3.690633,3.881975,4.052754,3.786517,3.927448,1.926086,1.471162,1.645171
2025-11-08 13:36:17.594,15.098,1.885440,0.659619,1.572468,0.177187,0,5,1.696975,1.946354,1.951229,1.300938,1.566131,1.492827,3.909704,3.696780,3.704788,3.381931,3.527749,3.190632,1.530567,1.381208,1.264017
2025-11-08 13:36:17.849,15.353,1.943023,0.739400,1.426956,0.000000,0,4,1.696975,1.948471,1.951229,1.657508,1.558245,1.547972,,,,3.381931,3.381353,3.190632,1.530567,1.330317,1.264017
2025-11-08 13:36:18.093,15.596,1.943023,0.739400,1.426956,0.156651,0,5,1.906511,2.009267,2.088471,0.809165,1.485757,1.391321,4.242924,3.835520,4.016267,3.295873,3.192652,2.946816,1.512012,1.295871,1.250996
2025-11-08 13:36:18.340,15.844,1.943023,0.739400,1.426956,0.000000,0,4,1.906511,2.043662,2.088471,0.809165,1.444747,1.391321,3.794688,3.733607,3.600836,,,,1.512012,1.276383,1.250996
2025-11-08 13:36:18.596,16.099,1.943023,0.739400,1.426956,0.110444,0,5,1.598581,2.024239,1.998934,0.974959,1.469507,1.501765,4.068463,3.772177,3.822426,3.111420,3.073740,2.918825,1.042668,1.152571,0.991270
2025-11-08 13:36:18.851,16.355,1.943023,0.739400,1.426956,0.000000,0,4,1.598581,2.013250,1.998934,0.974959,1.483515,1.501765,4.068463,3.793998,3.822426,3.723204,3.206434,3.379305,,,
2025-11-08 13:36:19.155,16.659,1.859145,0.756973,1.702405,0.084513,0,5,2.128080,2.009075,2.003635,0.910925,1.490561,1.499740,3.679978,3.652830,3.468919,3.502555,3.186643,3.160858,1.301659,1.119225,1.075783
2025-11-08 13:36:19.361,16.864,1.710139,0.659934,1.619432,0.000000,0,4,,,,0.910925,1.494547,1.499740,3.679978,3.572965,3.468919,3.502555,3.175445,3.160858,1.784255,1.290233,1.513018
2025-11-08 13:36:19.632,17.136,1.670663,0.706296,1.888068,0.171770,0,5,1.411578,1.977750,1.954069,0.763281,1.506741,1.515960,4.182562,3.708405,3.884853,3.195030,3.094518,2.989088,1.415451,1.196669,1.074776
2025-11-08 13:36:19.905,17.409,1.670663,0.706296,1.888068,0.000000,0,4,1.626517,1.946179,1.892623,,,,4.182562,3.785029,3.884853,3.195030,3.048734,2.989088,1.415451,1.143736,1.074776
2025-11-08 13:36:20.157,17.661,1.629976,0.781043,2.008290,0.258644,0,5,1.738472,1.955096,1.977910,1.731431,1.688312,2.035377,3.311581,3.582653,3.319002,3.094290,2.984620,2.901094,1.596132,1.226108,1.333421
2025-11-08 13:36:20.345,17.849,1.648929,0.924864,1.809637,0.000000,0,4,1.738472,1.960375,1.977910,1.694724,2.007080,2.478071,,,,3.094290,2.948348,2.901094,1.596132,1.272710,1.333421
2025-11-08 13:36:20.608,18.112,1.560900,0.902783,1.959684,0.607860,0,5,1.373953,1.956061,1.938898,1.769974,1.949009,1.870211,4.242006,3.767479,4.008267,3.440867,3.044104,3.168852,1.949845,1.566439,1.949103
2025-11-08 13:36:21.113,18.617,1.584871,0.861345,1.937269,0.310911,0,5,1.653437,1.930888,1.816920,1.386792,1.753313,1.495008,3.526113,3.570700,3.314341,3.762054,3.233292,3.479763,1.959328,1.695688,1.864072
2025-11-08 13:36:21.358,18.861,1.673703,0.796270,1.784005,0.000000,0,4,1.653437,1.911821,1.816920,1.386792,1.641408,1.495008,3.526113,3.459374,3.314341,3.953950,3.470232,3.778912,,,
2025-11-08 13:36:22.093,19.596,1.673703,0.796270,1.784005,0.282011,0,3,,,,1.247713,1.455508,1.212997,,,,3.488179,3.356044,3.207282,1.727155,1.570473,1.407345
2025-11-08 13:36:22.349,19.853,1.673703,0.796270,1.784005,0.081034,0,4,1.370892,1.909633,1.897954,,,,3.629200,3.446234,3.429114,3.488179,3.291443,3.207282,1.727155,1.499633,1.407345
2025-11-08 13:36:22.856,20.360,1.749998,0.767606,1.564696,0.305860,0,4,0.983734,1.615575,0.853607,1.362729,1.483011,1.518857,,,,3.806510,3.383852,3.504240,0.957630,1.295406,1.029345
2025-11-08 13:36:23.349,20.852,1.695554,0.758392,1.749954,0.535472,0,5,1.530164,1.730994,1.919651,1.227626,1.441446,1.387289,3.933360,3.567485,3.725449,2.816132,3.087226,2.700788,1.847371,1.412400,1.564817
2025-11-08 13:36:23.842,21.345,1.625860,0.760889,1.810181,0.369055,0,4,1.297071,1.655913,1.550596,1.444810,1.692592,2.019792,3.754922,3.557764,3.545100,3.027504,3.064573,3.035061,,,
2025-11-08 13:36:24.089,21.592,1.673443,0.816749,1.793337,0.370613,0,5,2.085460,1.998380,2.455290,1.549834,1.697624,1.704180,3.383366,3.391323,3.174488,3.368778,3.186169,3.344582,1.209382,1.235426,1.004868
2025-11-08 13:36:24.350,21.853,1.657788,0.767533,1.524756,0.000000,0,4,,,,1.549834,1.700471,1.704180,3.383366,3.297161,3.174488,3.368778,3.254961,3.344582,0.965890,1.144302,1.025589
2025-11-08 13:36:24.595,22.098,1.738969,0.849563,1.666291,0.287328,0,5,2.163258,2.191642,2.445349,0.807635,1.557542,1.371338,3.525401,3.304810,3.314776,2.968466,3.169105,3.057254,1.789150,1.328589,1.568673
2025-11-08 13:36:24.848,22.352,1.738969,0.849563,1.666291,0.000000,0,4,2.312636,2.262589,2.355244,,,,3.525401,3.309138,3.314776,2.968466,3.120533,3.057254,1.789150,1.432848,1.568673
2025-11-08 13:36:25.092,22.596,1.808081,0.841741,1.734942,0.265175,0,5,1.520986,2.187704,2.090068,1.463980,1.530599,1.495497,3.875546,3.465121,3.668331,3.877477,3.388955,3.738648,1.613568,1.400727,1.358882
2025-11-08 13:36:25.344,22.848,1.808081,0.841741,1.734942,0.124159,0,4,0.958243,1.636435,0.918075,,,,3.462184,3.373271,3.253610,3.877477,3.540812,3.738648,1.613568,1.382556,1.358882
2025-11-08 13:36:25.616,23.120,1.804351,0.810746,1.679533,0.516264,0,5,1.306759,1.586852,1.522250,0.784286,1.291163,0.979232,3.347472,3.267855,3.130523,2.813480,3.188465,2.729437,1.137802,1.214428,0.995396
2025-11-08 13:36:25.864,23.368,1.782787,0.845115,1.641498,0.000000,0,5,1.306759,1.558798,1.522250,0.890941,1.384577,1.506274,3.148439,3.117736,2.922163,2.813480,2.989128,2.729437,1.137802,1.119312,0.995396
2025-11-08 13:36:26.109,23.613,1.852822,0.824644,1.454187,0.351807,0,5,1.680558,1.802232,2.119374,1.816164,1.561580,1.792175,3.480536,3.185582,3.273970,3.909086,3.437945,4.022653,0.969051,1.075592,1.018636
2025-11-08 13:36:26.349,23.853,1.852822,0.824644,1.454187,0.000000,0,4,1.680558,1.939953,2.119374,1.816164,1.661718,1.792175,3.438120,3.204575,3.229319,,,,0.969051,1.050858,1.018636
2025-11-08 13:36:26.603,24.107,1.865766,0.889804,1.320568,0.416511,0,5,1.411082,1.836995,1.702862,1.919963,1.794289,1.966999,3.022309,3.026256,2.793947,3.271503,3.217296,2.929840,1.358962,1.052202,1.053952
2025-11-08 13:36:26.861,24.365,1.858734,0.960520,1.201974,0.000000,0,4,1.411082,1.778747,1.702862,1.919963,1.869290,1.966999,3.022309,2.925374,2.793947,2.981313,3.119033,2.991019,,,
2025-11-08 13:36:27.109,24.612,1.842707,1.045616,1.189410,0.452106,0,5,2.205471,2.088160,2.491256,1.779764,2.108052,2.419105,3.524688,3.094165,3.314063,3.199211,3.138507,3.163876,1.111289,1.027799,0.996008
2025-11-08 13:36:27.354,24.858,1.752634,1.041670,1.066942,0.000000,0,4,,,,1.779764,2.243129,2.419105,3.524688,3.189658,3.314063,3.199211,3.149523,3.163876,1.932410,1.272278,1.590779
2025-11-08 13:36:27.602,25.106,1.825104,1.040790,1.185966,0.491915,0,5,2.544297,2.266034,2.497764,1.543308,1.910834,1.477928,3.626753,3.288661,3.417641,3.744619,3.374201,3.666907,0.746873,1.196972,1.098864
2025-11-08 13:36:27.848,25.352,1.825104,1.040790,1.185966,0.000000,0,4,2.057725,2.366705,2.497856,,,,3.626753,3.344672,3.417641,3.744619,3.501311,3.666907,0.746873,1.154368,1.098864
2025-11-08 13:36:28.116,25.620,1.814584,1.015766,1.227728,0.469093,0,5,1.154324,1.806106,1.075772,1.608768,1.752024,1.545131,3.174847,3.172651,2.948547,2.843356,3.168022,2.733821,0.811516,1.140558,1.122567
2025-11-08 13:36:28.345,25.849,1.712133,0.954515,1.400151,0.000000,0,5,1.154324,1.488952,1.075772,1.567678,1.639553,1.493028,4.054087,3.424667,3.752987,2.843356,2.979466,2.733821,0.811516,1.132745,1.122567
2025-11-08 13:36:28.605,26.108,1.789571,0.928427,1.396455,0.844328,0,5,2.331906,1.797933,2.200465,1.092422,1.394142,1.074426,3.019150,3.118081,2.718668,3.614612,3.239449,3.578149,1.377214,1.089285,1.032666
2025-11-08 13:36:29.108,26.612,1.897665,0.896340,1.254394,0.223166,0,4,,,,1.136062,1.393112,1.391771,2.974896,2.966338,2.768652,3.767153,3.417647,3.649797,1.560343,1.161609,1.255832
2025-11-08 13:36:29.367,26.871,1.875568,0.862416,1.469773,0.074024,0,5,1.636918,1.940590,2.126440,1.136062,1.392530,1.391771,4.359469,3.442641,4.063157,3.028525,3.249216,3.029788,1.560343,1.202526,1.255832
2025-11-08 13:36:29.601,27.105,1.875568,0.862416,1.469773,0.424791,0,5,1.336532,1.791527,1.597331,1.039706,1.307616,1.196992,4.405659,3.896574,4.487947,3.708013,3.327579,3.429670,1.840337,1.507314,1.904385
2025-11-08 13:36:29.842,27.346,1.875568,0.862416,1.469773,0.236233,0,3,1.336532,1.707195,1.597331,1.039706,1.362163,1.433225,4.405659,4.153383,4.487947,,,,,,
2025-11-08 13:36:30.412,27.915,1.875568,0.862416,1.469773,0.266931,0,4,,,,1.446441,1.634718,1.989797,4.507113,4.182754,4.221017,3.593608,3.402161,3.499324,1.595010,1.431610,1.332985
2025-11-08 13:36:30.645,28.148,1.767972,0.714812,1.617319,0.329928,0,5,1.321645,1.619312,1.504819,1.590823,1.573211,1.493081,3.633993,3.898961,3.529243,3.607475,3.443421,3.497174,1.235281,1.245507,1.003057
2025-11-08 13:36:30.855,28.359,1.767972,0.714812,1.617319,0.000000,0,4,1.618361,1.680060,1.759202,,,,3.633993,3.738408,3.529243,3.607475,3.466764,3.497174,1.235281,1.140221,1.003057
2025-11-08 13:36:31.101,28.605,1.741295,0.669197,1.758006,0.397099,0,5,1.486317,1.742441,1.823709,1.015540,1.319216,0.988318,3.802132,3.676973,3.596937,3.408032,3.307526,3.100075,1.768859,1.275080,1.450771
2025-11-08 13:36:31.403,28.906,1.749270,0.752268,1.582993,0.000000,0,4,1.486317,1.777732,1.823709,1.823302,1.820158,2.472772,,,,3.408032,3.217439,3.100075,1.768859,1.351375,1.450771
2025-11-08 13:36:31.601,29.105,1.760194,0.725565,1.463558,0.812512,0,5,0.925513,1.444857,1.011196,1.032875,1.465278,1.002949,3.014764,3.258636,2.713636,3.675383,3.300437,3.408565,1.681170,1.367190,1.387793
2025-11-08 13:36:31.845,29.349,1.760194,0.725565,1.463558,0.000000,0,4,0.925513,1.256536,1.011196,1.032875,1.264508,1.002949,3.478293,3.264751,3.272717,,,,1.681170,1.376137,1.387793
2025-11-08 13:36:32.172,29.676,1.793257,0.714163,1.582416,0.181924,0,5,1.556979,1.778560,2.458639,0.979853,1.149595,0.999889,3.714138,3.368474,3.503603,3.261511,3.269688,3.229630,1.911813,1.460201,1.569717
2025-11-08 13:36:32.409,29.912,1.861369,0.701928,1.723187,0.000000,0,4,1.556979,2.073890,2.458639,0.979853,1.084584,0.999889,3.714138,3.427155,3.503603,3.595953,3.403819,3.578562,,,
2025-11-08 13:36:32.611,30.115,1.896759,0.723766,1.917641,0.282713,0,5,1.933328,2.232141,2.438308,0.778066,1.170575,1.282602,4.042870,3.564118,3.742550,3.326360,3.351702,3.283804,1.491312,1.329810,1.159940
2025-11-08 13:36:33.113,30.616,1.896759,0.723766,1.917641,0.294758,0,4,0.944174,1.687503,0.977963,1.664646,1.735701,2.471934,4.081209,3.768763,4.035369,,,,0.934996,1.214128,1.063420
2025-11-08 13:36:33.344,30.848,1.896759,0.723766,1.917641,0.574771,0,4,0.999336,1.628978,1.552733,,,,4.081209,3.884539,4.035369,2.786256,3.056394,2.671675,0.934996,1.148682,1.063420
2025-11-08 13:36:33.600,31.104,1.669264,0.719438,2.115108,0.259357,0,5,1.057152,1.476437,1.277709,1.207336,1.606221,1.437539,3.984343,3.837410,3.776012,2.687453,2.838006,2.553495,1.542907,1.176280,1.212236
2025-11-08 13:36:33.860,31.363,1.577593,0.778743,2.103647,0.000000,0,4,1.057152,1.390137,1.277709,1.067950,1.497468,1.355787,,,,2.687453,2.714454,2.553495,1.542907,1.191894,1.212236
2025-11-08 13:36:34.101,31.605,1.557236,0.815677,2.241410,0.487672,0,5,1.774366,1.841168,2.428760,1.227524,1.395771,1.263283,3.461266,3.582745,3.250973,3.028318,2.856332,3.041167,1.512928,1.182634,1.170569
2025-11-08 13:36:34.357,31.861,1.557236,0.815677,2.241410,0.000000,0,4,1.774366,2.096335,2.428760,1.227524,1.338237,1.263283,3.564658,3.482920,3.352871,,,,1.512928,1.177395,1.170569
2025-11-08 13:36:34.594,32.097,1.605506,0.843512,2.164380,0.231718,0,5,1.727769,1.850293,1.529756,1.731024,1.448155,1.591352,3.496850,3.397028,3.285131,3.279152,3.037224,3.272885,1.223453,1.106055,1.013115
2025-11-08 13:36:34.843,32.347,1.642677,0.828122,2.002581,0.000205,0,4,1.727769,1.711008,1.529551,1.731024,1.510339,1.591352,3.496850,3.348436,3.285131,3.317693,3.159129,3.317944,,,
2025-11-08 13:36:35.105,32.609,1.718159,0.852166,1.927366,0.071054,0,5,1.969628,2.009937,2.399376,1.650677,1.514664,1.520298,3.571285,3.352359,3.357470,3.317693,3.228095,3.317944,0.726887,1.069020,1.020771
2025-11-08 13:36:35.364,32.867,1.741574,0.933426,2.039677,0.000000,0,5,1.969628,2.179054,2.399376,1.650677,1.517110,1.520298,3.571285,3.354578,3.357470,2.672157,2.968503,2.630313,0.930610,1.067726,1.066749
2025-11-08 13:36:35.617,33.120,1.792842,1.014667,2.042773,0.481402,0,5,1.676379,2.065678,1.917973,0.701287,1.288953,0.991715,2.754551,3.026897,2.600003,2.830203,2.856723,2.711099,0.764409,1.051524,1.024039
2025-11-08 13:36:35.866,33.369,1.859789,1.101312,2.043038,0.000000,0,4,,,,0.701287,1.159875,0.991715,2.754551,2.841515,2.600003,2.830203,2.793485,2.711099,0.992403,1.038804,1.010966
2025-11-08 13:36:36.105,33.608,1.978810,1.163645,1.966467,0.100282,0,5,2.003888,2.271371,2.539344,0.355016,1.090320,0.999705,2.520849,2.693088,2.499720,3.447596,2.983731,3.231579,1.282489,1.024417,1.002179
2025-11-08 13:36:36.346,33.850,1.978810,1.163645,1.966467,0.000000,0,4,1.924254,2.148728,1.988951,,,,2.520849,2.609116,2.499720,3.447596,3.091361,3.231579,1.282489,1.012294,1.002179
2025-11-08 13:36:36.610,34.114,2.144454,1.189446,1.740028,0.225909,0,5,2.726305,2.313906,2.529095,1.056429,1.050206,0.997947,2.584271,2.452647,2.248802,3.481958,3.250355,3.457488,0.818756,1.062614,1.151653
2025-11-08 13:36:36.866,34.369,2.284112,1.203148,1.585317,0.000000,0,4,2.726305,2.407354,2.529095,0.211858,1.026649,0.995960,,,,3.481958,3.340304,3.457488,0.818756,1.087182,1.151653
2025-11-08 13:36:37.112,34.616,2.369819,1.252581,1.606022,0.240333,0,5,2.822153,2.563189,2.766208,0.243161,1.019207,1.009512,2.238203,2.468492,2.489135,3.439744,3.211479,3.043650,1.320930,1.358447,1.996251
2025-11-08 13:36:37.354,34.858,2.419234,1.303655,1.699916,0.000000,0,5,2.822153,2.651352,2.766208,0.243161,1.014997,1.009512,2.382179,2.484986,2.506473,3.439744,3.138598,3.043650,1.320930,1.605375,1.996251
2025-11-08 13:36:37.644,35.148,2.565704,1.248492,1.643105,0.362405,0,5,3.432917,2.858607,3.128613,0.173928,1.003390,0.988268,3.163735,2.649599,2.864053,4.455818,3.693879,4.417285,1.947195,1.941381,2.407740
2025-11-08 13:36:37.904,35.407,2.565704,1.248492,1.643105,0.479859,0,4,3.432917,2.975859,3.128613,0.173928,0.996823,0.988268,3.555991,2.951110,3.343912,,,,1.357637,1.545881,1.020023
2025-11-08 13:36:38.130,35.634,2.565704,1.248492,1.643105,0.515400,0,4,3.308827,2.996123,3.022523,,,,2.858655,2.897871,2.828513,3.608697,3.536056,3.330449,1.959023,1.720757,1.950076
2025-11-08 13:36:38.357,35.861,2.565704,1.248492,1.643105,0.733161,0,3,3.308827,3.007588,3.022523,,,,2.360152,2.549370,2.095352,,,,1.385984,1.437444,1.067577
2025-11-08 13:36:38.861,36.365,2.712497,1.259512,1.511321,0.297395,0,4,2.745575,2.884927,2.725127,0.116114,0.997091,0.997294,2.389108,2.368145,2.132049,3.989845,3.685583,3.880384,,,
2025-11-08 13:36:39.108,36.612,2.807305,1.289171,1.554534,0.273644,0,4,3.035766,2.934365,2.998771,,,,2.499029,2.360484,2.350504,3.660905,3.551866,3.377662,1.627026,1.515683,1.617679
2025-11-08 13:36:39.354,36.858,2.807305,1.289171,1.554534,0.009027,0,3,,,,,,,2.499029,2.356150,2.350504,3.660905,3.476216,3.377662,1.738881,1.724724,1.997116
2025-11-08 13:36:39.610,37.114,2.952245,1.248108,1.391448,0.167593,0,5,3.474621,3.048176,3.196445,0.755430,0.995537,0.992901,2.418766,2.426476,2.518096,4.631401,3.972821,4.619786,1.344382,1.775830,1.842414
2025-11-08 13:36:39.842,37.346,2.952245,1.248108,1.391448,0.000000,0,4,2.454469,2.814574,2.510243,,,,2.418766,2.466263,2.518096,4.631401,4.253771,4.619786,1.344382,1.804744,1.842414
2025-11-08 13:36:40.111,37.615,2.939415,1.127507,1.274056,0.148783,0,5,2.734461,2.694902,2.538997,0.724025,0.985849,0.961063,3.283237,2.728871,3.070989,3.798556,3.931244,3.511065,1.369351,1.885712,1.991196
2025-11-08 13:36:40.363,37.867,2.939415,1.127507,1.274056,0.000000,0,3,2.734461,2.627199,2.538997,,,,,,,3.798556,3.748778,3.511065,1.369351,1.931520,1.991196
2025-11-08 13:36:40.639,38.143,2.906957,1.017044,1.230813,0.061550,0,5,2.891997,2.662261,2.707939,0.108059,0.988461,0.997137,3.330038,2.893229,3.107352,4.250258,3.955638,4.225131,1.089166,1.930706,1.929647
2025-11-08 13:36:40.839,38.342,2.840075,0.966016,0.994377,0.000000,0,4,2.891997,2.682097,2.707939,,,,3.330038,2.986214,3.107352,4.250258,4.072668,4.225131,1.089166,1.930246,1.929647
2025-11-08 13:36:41.096,38.600,2.842879,0.867309,0.979631,0.036074,0,4,2.553373,2.648439,2.604590,,,,3.330038,3.038819,3.107352,4.071313,4.106328,4.150179,1.089166,1.929986,1.929647
2025-11-08 13:36:41.368,38.872,2.851381,0.782391,0.991330,0.000000,0,5,2.553373,2.629397,2.604590,0.305666,0.990584,0.999030,3.330038,3.068580,3.107352,4.071313,4.125370,4.150179,1.089166,1.929839,1.929647
2025-11-08 13:36:41.603,39.107,2.911735,0.711435,0.957288,0.018814,0,5,2.908413,2.751392,2.910323,0.196666,0.988708,0.980216,3.330038,3.085417,3.107352,4.498745,4.281829,4.485658,1.089166,1.929729,1.929647
2025-11-08 13:36:41.864,39.368,2.985218,0.657942,0.907179,0.000000,0,5,2.908413,2.820409,2.910323,0.644187,0.990855,1.001540,3.330038,3.094943,3.107352,4.498745,4.370343,4.485658,1.689430,1.880215,1.796219
2025-11-08 13:36:42.117,39.621,2.985109,0.712048,1.100651,0.002822,0,5,3.304440,2.954911,3.130136,0.559151,0.992986,1.004362,3.330038,3.100331,3.107352,3.757363,4.080539,3.702988,1.689430,1.856610,1.796219
2025-11-08 13:36:42.858,40.362,2.985109,0.712048,1.100651,0.190501,0,4,3.456471,3.113731,3.320637,,,,3.680898,3.277466,3.508233,3.459933,3.798937,3.432072,1.689430,1.842637,1.796219
2025-11-08 13:36:43.132,40.636,2.921388,0.746071,1.281118,0.520064,0,5,2.599870,2.824782,2.448347,0.404470,0.994026,0.999879,3.037196,3.151836,2.988169,4.060094,3.937418,4.117829,1.275145,1.875205,2.004766
2025-11-08 13:36:43.363,40.867,2.921388,0.746071,1.281118,0.004483,0,4,2.676547,2.717908,2.578676,,,,3.037196,3.080762,2.988169,4.060094,4.015763,4.117829,1.155443,1.828201,1.710775
2025-11-08 13:36:43.597,41.101,2.921388,0.746071,1.281118,0.202365,0,4,3.019350,2.745324,2.781041,,,,2.727938,2.837629,2.520882,4.571852,4.106409,4.224500,0.855463,1.591724,1.209815
2025-11-08 13:36:43.873,41.377,2.921388,0.746071,1.281118,0.004483,0,4,3.006706,2.827625,2.934844,,,,2.727938,2.700079,2.520882,4.571852,4.157691,4.224500,0.757272,1.365890,1.050367
2025-11-08 13:36:44.109,41.613,2.921388,0.746071,1.281118,0.239601,0,5,2.877110,2.770137,2.695243,0.646432,0.992679,0.984799,2.249931,2.422022,2.059777,4.430632,4.202211,4.260211,1.651194,1.419319,1.490511
2025-11-08 13:36:44.619,42.123,2.980099,0.811305,1.210359,0.179038,0,4,2.364127,2.659865,2.516205,,,,2.587941,2.454678,2.497221,3.760625,3.870821,3.439095,0.708430,1.452445,1.495914
2025-11-08 13:36:44.849,42.353,2.980099,0.811305,1.210359,0.015080,0,3,2.364127,2.597479,2.516205,,,,3.117238,2.738457,3.108156,,,,0.708430,1.471297,1.495914
2025-11-08 13:36:45.095,42.599,2.970398,0.801223,1.079590,0.142256,0,5,2.714272,2.627596,2.666832,0.174641,0.993088,0.995552,2.971835,2.837226,2.965901,4.404326,4.052254,4.288620,0.925206,1.506291,1.551913
2025-11-08 13:36:45.608,43.112,2.881844,0.885356,1.151245,0.158577,0,4,2.633109,2.575771,2.508255,0.545996,0.999937,1.042125,2.691333,2.690689,2.499784,,,,1.606533,1.504643,1.502495
2025-11-08 13:36:45.883,43.386,2.881844,0.885356,1.151245,0.035028,0,3,,,,0.545996,1.005746,1.042125,2.691333,2.607787,2.499784,4.358238,4.139687,4.253592,,,
2025-11-08 13:36:46.128,43.632,2.962953,0.856861,0.907272,0.094915,0,5,2.789727,2.653688,2.755197,0.118969,1.004699,0.998060,2.515443,2.560835,2.499668,4.311846,4.147933,4.158677,1.198979,1.716770,1.993146
2025-11-08 13:36:46.351,43.854,2.962953,0.856861,0.907272,0.000000,0,4,2.300808,2.559170,2.436033,,,,2.515443,2.534273,2.499668,4.311846,4.152599,4.158677,1.198979,1.836787,1.993146
2025-11-08 13:36:46.619,44.123,3.035055,0.896331,0.880829,0.042812,0,5,3.319533,2.893080,3.328091,0.219811,1.003967,0.999279,2.735076,2.529103,2.522367,4.185002,4.066138,3.953498,1.242314,1.886095,1.950333
2025-11-08 13:36:46.852,44.355,3.035055,0.896331,0.880829,0.000000,0,3,3.319533,3.081987,3.328091,,,,,,,4.185002,4.017223,3.953498,1.242314,1.913991,1.950333
2025-11-08 13:36:47.098,44.602,2.961861,1.002233,1.109043,0.058337,0,5,2.503309,2.831456,2.505069,0.276605,1.003510,1.000566,2.781471,2.544754,2.565145,3.291589,3.584890,3.021658,1.210807,1.955106,2.008670
2025-11-08 13:36:47.863,45.367,2.934412,1.161288,1.280034,0.158402,0,4,3.020777,2.913513,3.020416,0.295367,1.003075,1.000256,2.010416,2.299430,1.979827,3.454531,3.409089,3.180060,,,
2025-11-08 13:36:48.349,45.853,3.056050,1.280416,1.350925,0.515347,0,4,,,,0.082364,1.000582,0.984354,2.090968,2.164938,1.989726,4.464485,3.741034,4.173483,1.424118,1.730854,1.438703
2025-11-08 13:36:48.605,46.109,3.056050,1.280416,1.350925,0.299627,0,3,3.132225,3.016751,3.151247,,,,2.629645,2.310798,2.500819,3.984540,3.798713,3.873856,,,
2025-11-08 13:36:48.860,46.364,3.056050,1.280416,1.350925,0.015902,0,3,,,,,,,2.629645,2.393316,2.500819,3.984540,3.831344,3.873856,0.734431,1.533346,1.276036
2025-11-08 13:36:49.116,46.620,3.083665,1.257401,1.298923,0.074630,0,4,,,,0.645207,1.008340,1.058984,2.551353,2.440595,2.502188,4.022573,3.859948,3.897212,1.311651,1.714279,1.949994
2025-11-08 13:36:49.355,46.858,3.013679,1.324827,1.010335,0.000000,0,4,3.118255,3.051917,3.097730,,,,2.551353,2.467342,2.502188,4.022573,3.876130,3.897212,1.311651,1.816640,1.949994
2025-11-08 13:36:49.607,47.111,2.951986,1.314193,1.234840,0.101235,0,5,2.679808,2.894608,2.689669,0.604523,1.007229,0.999958,2.814199,2.526436,2.603423,3.385296,3.534391,3.089181,1.375073,1.878308,1.958647
2025-11-08 13:36:49.866,47.370,2.951986,1.314193,1.234840,0.000000,0,4,2.679808,2.805611,2.689669,,,,2.893937,2.597666,2.690463,3.385296,3.341055,3.089181,1.375073,1.913196,1.958647
2025-11-08 13:36:50.111,47.615,2.805880,1.325969,1.464758,0.077047,0,5,2.580904,2.655988,2.461061,0.116523,1.006084,0.998578,2.834901,2.607687,2.620742,3.311371,3.198218,3.012135,0.667848,1.525892,1.021321
2025-11-08 13:36:50.366,47.870,2.829187,1.254088,1.263278,0.000000,0,4,2.580904,2.571339,2.461061,0.116523,1.005091,0.998578,2.342618,2.397265,2.123133,,,,0.667848,1.306778,1.021321
2025-11-08 13:36:50.609,48.112,2.847004,1.253506,1.309868,0.614819,0,5,3.176375,2.818614,3.140758,0.475232,1.004358,0.999541,2.954503,2.545211,2.737952,4.312558,3.621678,4.173351,1.007695,1.285858,1.258604
2025-11-08 13:36:50.864,48.367,2.893536,1.226430,1.362059,0.000000,0,4,3.176375,2.958508,3.140758,0.475232,1.003722,0.999541,2.954503,2.628911,2.737952,3.886653,3.778414,3.982605,,,
2025-11-08 13:36:51.141,48.645,2.893536,1.226430,1.362059,0.120196,0,4,3.331054,3.085943,3.251963,,,,2.828882,2.624067,2.617756,3.465644,3.525533,3.196087,0.592905,1.171724,1.023034
2025-11-08 13:36:51.343,48.846,2.893536,1.226430,1.362059,0.000000,0,3,,,,,,,2.828882,2.621326,2.617756,3.465644,3.382468,3.196087,1.644258,1.582563,2.117795
2025-11-08 13:36:51.598,49.101,2.905912,1.324356,1.509979,0.305054,0,5,2.946752,3.036117,2.971205,0.006911,1.002220,0.992338,2.078018,2.386731,2.081106,3.791112,3.434003,3.501140,0.766753,1.369632,1.092229
2025-11-08 13:36:51.852,49.356,2.905912,1.324356,1.509979,0.000000,0,4,2.708971,2.872544,2.659445,,,,2.078018,2.254011,2.081106,3.791112,3.463158,3.501140,0.766753,1.249167,1.092229
2025-11-08 13:36:52.102,49.606,2.976909,1.335208,1.444873,0.608769,0,5,3.305462,3.054216,3.290893,0.794178,1.079850,1.285590,2.651467,2.347762,2.469898,4.144930,3.744015,4.109910,1.623254,1.613609,2.088395
2025-11-08 13:36:52.342,49.846,3.061997,1.323797,1.372192,0.000000,0,4,3.305462,3.156995,3.290893,,,,2.651467,2.400800,2.469898,4.144930,3.902908,4.109910,1.623254,1.819789,2.088395
2025-11-08 13:36:52.605,50.109,3.061997,1.323797,1.372192,0.103894,0,4,2.870788,3.003208,2.802859,,,,2.420006,2.428233,2.463972,4.351510,4.037917,4.213804,1.664144,1.937450,2.090735
2025-11-08 13:36:52.851,50.354,3.061997,1.323797,1.372192,0.038196,0,4,2.870788,2.916205,2.802859,,,,2.621591,2.460340,2.502168,3.856270,3.918085,3.761971,1.664144,2.004015,2.090735
2025-11-08 13:36:53.106,50.610,2.991328,1.267375,1.302025,0.302841,0,5,2.233613,2.708745,2.438472,0.757775,1.043162,0.982749,2.399307,2.399371,2.319943,3.631337,3.655340,3.313041,1.071628,1.941320,1.859643
2025-11-08 13:36:53.356,50.860,2.904071,1.234089,1.273308,0.000000,0,5,2.233613,2.591377,2.438472,0.757775,1.018054,0.982749,2.399307,2.364879,2.319943,3.530390,3.526625,3.358938,1.779463,1.965435,1.996852
2025-11-08 13:36:53.613,51.117,2.836511,1.232241,1.234403,0.015241,0,5,2.439377,2.530952,2.452231,0.143848,1.009462,0.997990,2.013475,2.199653,1.984400,3.521725,3.431426,3.307404,1.306859,1.978998,1.996668
2025-11-08 13:36:53.856,51.360,2.836511,1.232241,1.234403,0.000000,0,4,,,,0.143848,1.004503,0.997990,2.013475,2.106178,1.984400,3.521725,3.377568,3.307404,1.188782,1.988064,1.999874
2025-11-08 13:36:54.148,51.652,2.804036,1.239247,1.170616,0.044851,0,5,2.223519,2.519800,2.505271,0.370208,1.002551,1.000001,2.320998,2.072567,2.028779,3.795804,3.432242,3.503469,1.230795,1.973715,1.955023
2025-11-08 13:36:54.374,51.878,2.804036,1.239247,1.170616,0.000000,0,4,2.991515,2.732201,3.008913,,,,2.320998,2.053551,2.028779,3.795804,3.463173,3.503469,1.230795,1.963070,1.955023
2025-11-08 13:36:54.594,52.098,2.749212,1.260302,1.292561,0.363798,0,5,2.186812,2.630251,2.497432,0.173519,0.996259,0.988056,2.915655,2.335226,2.702184,3.447191,3.322690,3.139671,1.239562,1.958844,1.951674
2025-11-08 13:36:54.887,52.390,2.749212,1.260302,1.292561,0.000000,0,4,2.186812,2.572573,2.497432,,,,2.389108,2.271066,2.187480,3.447191,3.243212,3.139671,1.239562,1.956829,1.951674
2025-11-08 13:36:55.133,52.637,2.690284,1.257249,1.364498,0.132079,0,5,2.610168,2.536908,2.490444,0.680689,0.985845,0.972273,2.632806,2.370108,2.499137,3.700568,3.301516,3.377471,1.761517,1.986196,2.083753
2025-11-08 13:36:55.385,52.888,2.690284,1.257249,1.364498,0.000000,0,4,2.610168,2.516730,2.490444,0.680689,0.979952,0.972273,2.229129,2.224270,2.034276,,,,1.761517,2.005793,2.083753
2025-11-08 13:36:55.599,53.103,2.626487,1.239303,1.456500,0.045117,0,5,2.226680,2.513288,2.508804,0.135589,0.986531,0.995103,2.951442,2.508519,2.878831,3.600541,3.286234,3.266325,1.752954,2.028059,2.128870
2025-11-08 13:36:55.847,53.351,2.556066,1.222212,1.586769,0.000000,0,5,2.226680,2.511341,2.508804,0.135589,0.991413,0.995103,2.951442,2.669330,2.878831,3.476554,3.239428,3.178451,1.080293,1.955725,1.771966
2025-11-08 13:36:56.108,53.612,2.595104,1.178963,1.564735,0.295968,0,5,2.843564,2.646219,2.821935,0.774803,0.988613,0.983862,2.962150,2.704628,2.750614,4.065398,3.568830,3.997968,1.188173,1.772898,1.475998
2025-11-08 13:36:56.359,53.863,2.672280,1.129303,1.481437,0.000000,0,4,,,,0.774803,0.987278,0.983862,2.962150,2.724598,2.750614,4.065398,3.755187,3.997968,1.632635,1.663921,1.511387
2025-11-08 13:36:56.611,54.115,2.672280,1.129303,1.481437,0.253855,0,4,3.317188,2.832764,3.075791,,,,2.712033,2.627470,2.500934,3.746351,3.627757,3.461743,1.498552,1.463598,1.196518
2025-11-08 13:36:56.867,54.370,2.672280,1.129303,1.481437,0.000000,0,4,2.875479,2.748797,2.639408,,,,2.712033,2.572521,2.500934,3.746351,3.555664,3.461743,1.498552,1.348103,1.196518
2025-11-08 13:36:57.113,54.617,2.672280,1.129303,1.481437,0.090614,0,4,3.303932,2.885493,3.063577,,,,3.053000,2.680199,2.820479,3.406098,3.475528,3.371130,1.197756,1.289731,1.213505
2025-11-08 13:36:57.366,54.869,2.793594,1.283098,1.443122,0.000000,0,4,3.303932,2.962827,3.063577,0.417113,0.989535,0.997033,,,,3.406098,3.430192,3.371130,1.197756,1.256643,1.213505
2025-11-08 13:36:57.621,55.125,2.795612,1.242977,1.431975,0.291023,0,5,2.414601,2.734981,2.438148,0.540694,1.010058,1.091701,2.875278,2.655134,2.622480,4.111895,3.630454,3.891350,1.698402,1.364274,1.504527
2025-11-08 13:36:57.848,55.352,2.701646,1.250233,1.557312,0.000000,0,4,2.414601,2.606079,2.438148,0.540694,1.024828,1.091701,2.937068,2.689186,2.733548,,,,1.698402,1.425178,1.504527
2025-11-08 13:36:58.104,55.607,2.701646,1.250233,1.557312,0.106982,0,4,2.276847,2.577491,2.540247,,,,3.055550,2.754908,2.840530,3.707299,3.552650,3.451289,1.190007,1.671911,1.993357
2025-11-08 13:36:58.349,55.853,2.701646,1.250233,1.557312,0.000000,0,3,2.276847,2.561317,2.540247,,,,3.055550,2.792090,2.840530,3.981685,3.722988,3.944899,,,
2025-11-08 13:36:58.602,56.106,2.701646,1.250233,1.557312,0.346677,0,4,2.976935,2.735369,2.962119,,,,2.897507,2.744207,2.681825,4.383526,3.969902,4.291576,1.535055,1.599564,1.505312
2025-11-08 13:36:58.869,56.373,2.701646,1.250233,1.557312,0.000000,0,3,,,,,,,2.897507,2.717117,2.681825,4.383526,4.109592,4.291576,1.705744,1.566347,1.523073
2025-11-08 13:36:59.363,56.866,2.701646,1.250233,1.557312,0.410258,0,4,2.659926,2.640995,2.518046,,,,2.238003,2.405734,2.000072,3.927746,4.010462,3.881319,1.324600,1.675606,1.817944
2025-11-08 13:36:59.613,57.117,2.786213,1.246652,1.393746,0.191784,0,5,2.953074,2.771309,2.941079,0.381834,1.020513,0.999033,2.278073,2.233918,2.010081,3.435563,3.662168,3.208420,1.668935,1.820701,2.009729
2025-11-08 13:36:59.876,57.380,2.786213,1.246652,1.393746,0.000000,0,4,2.953074,2.845033,2.941079,,,,2.743238,2.363080,2.531350,3.435563,3.465124,3.208420,1.668935,1.902788,2.009729
2025-11-08 13:37:00.145,57.648,2.809284,1.305380,1.531638,0.206899,0,5,3.167912,2.976590,3.147978,0.266206,1.017292,1.000095,2.697655,2.424831,2.505279,3.559655,3.446201,3.421547,1.231304,1.844742,1.769121
2025-11-08 13:37:00.344,57.848,2.844563,1.307331,1.641415,0.000000,0,4,3.167912,3.051017,3.147978,0.266206,1.014696,1.000095,3.028123,2.653674,2.951805,,,,1.231304,1.811903,1.769121
2025-11-08 13:37:00.616,58.119,2.707010,1.415226,1.521532,0.276238,0,4,2.810223,2.913046,2.733302,,,,2.814099,2.629676,2.598411,3.462585,3.337718,3.196389,0.638892,1.673366,1.492883
2025-11-08 13:37:00.874,58.378,2.707010,1.415226,1.521532,0.000000,0,3,2.810223,2.834991,2.733302,,,,2.814099,2.616099,2.598411,3.715559,3.380926,3.437216,,,
2025-11-08 13:37:01.095,58.598,2.812193,1.395406,1.509387,0.506073,0,5,3.341864,3.009766,3.237459,0.638274,1.012769,1.001491,2.330587,2.355087,2.015048,3.996674,3.643149,3.984768,1.652009,1.814756,1.998956
2025-11-08 13:37:01.606,59.110,2.912448,1.310554,1.414211,0.279574,0,4,2.974180,2.987236,2.957885,0.181677,1.005991,0.965153,3.021799,2.548027,2.799384,4.362113,3.899348,4.233117,,,
2025-11-08 13:37:01.868,59.372,2.951446,1.158600,1.182936,0.000000,0,4,,,,0.181677,1.000287,0.965153,3.021799,2.657181,2.799384,4.362113,4.044290,4.233117,1.246598,1.677991,1.499817
2025-11-08 13:37:02.343,59.846,2.980999,1.221121,1.256321,0.279574,0,4,,,,0.159959,0.999756,0.996430,2.233413,2.364501,1.983205,3.447698,3.665948,3.173054,0.895944,1.600352,1.499205
2025-11-08 13:37:02.862,60.365,2.980999,1.221121,1.256321,0.035997,0,4,2.579374,2.776445,2.501831,,,,2.118908,2.183288,1.947208,3.738602,3.552846,3.405499,0.672641,1.554838,1.495544
2025-11-08 13:37:03.361,60.865,2.980999,1.221121,1.256321,0.118723,0,3,2.649934,2.708748,2.620554,,,,,,,3.988923,3.702974,3.898557,1.058168,1.691266,1.869000
2025-11-08 13:37:03.615,61.119,2.980999,1.221121,1.256321,0.101795,0,4,2.218115,2.586117,2.426357,,,,2.034684,2.099597,1.990568,4.140851,3.832113,4.000352,0.702519,1.605188,1.493048
2025-11-08 13:37:04.378,61.882,2.980999,1.221121,1.256321,0.162156,0,4,2.715292,2.621858,2.668420,0.241327,0.999810,1.000153,2.175396,2.122668,2.152724,,,,1.580022,1.479352,1.315416
2025-11-08 13:37:05.366,62.870,2.934744,1.304518,1.182698,0.321841,0,4,,,,2.084739,1.390129,2.420712,1.463683,2.177609,2.249185,3.146802,3.484262,3.031090,1.156972,1.268399,0.993575
2025-11-08 13:37:05.605,63.108,2.852587,1.476950,1.141380,0.371182,0,5,3.167403,2.854633,3.157887,2.225143,1.778663,2.417666,1.200005,1.874580,1.479801,2.869357,3.167998,2.755978,1.637529,1.310244,1.364757
2025-11-08 13:37:05.883,63.387,2.852587,1.476950,1.141380,0.000000,0,4,4.073253,3.367696,4.036101,,,,1.200005,1.703144,1.479801,2.869357,2.989075,2.755978,1.637529,1.333917,1.364757
2025-11-08 13:37:06.096,63.600,2.858395,1.770521,1.210308,0.231508,0,5,3.507861,3.329650,3.280084,2.791758,2.076189,2.494381,0.302311,1.387854,0.977103,3.057990,2.988385,2.987486,1.804446,1.426897,1.548031
2025-11-08 13:37:06.608,64.112,2.858395,1.770521,1.210308,0.509086,0,5,4.255463,3.722492,4.234278,3.385088,2.520811,3.114405,1.698807,1.430557,1.486189,3.296588,2.975452,2.958603,1.722772,1.432053,1.438769
2025-11-08 13:37:06.881,64.385,2.858395,1.770521,1.210308,0.000000,0,5,4.255463,3.944739,4.234278,3.385088,2.777440,3.114405,0.655310,1.248208,1.010647,3.367453,2.997318,3.025805,1.722772,1.434969,1.438769
2025-11-08 13:37:07.104,64.608,2.858395,1.770521,1.210308,0.055048,0,5,4.332956,4.094379,4.289326,3.145473,2.896451,3.051885,0.655310,1.145045,1.010647,3.619202,3.229616,3.532248,1.729196,1.425710,1.413647
2025-11-08 13:37:07.351,64.855,2.858395,1.770521,1.210308,0.000000,0,5,4.332956,4.179037,4.289326,3.145473,2.963919,3.051885,1.266179,1.518777,2.005667,2.997729,3.087001,2.901206,1.729196,1.420472,1.413647
2025-11-08 13:37:07.603,65.107,2.858395,1.770521,1.210308,0.417945,0,5,3.808145,3.952249,3.656796,3.654378,3.183583,3.469831,1.865116,1.729825,2.004773,3.228678,3.138262,3.205044,2.387782,1.708134,2.082893
2025-11-08 13:37:07.853,65.356,2.858395,1.770521,1.210308,0.000000,0,4,3.808145,3.823946,3.656796,3.654378,3.307883,3.469831,1.865116,1.849224,2.004773,3.006500,3.033964,2.898087,,,
2025-11-08 13:37:08.125,65.629,2.858395,1.770521,1.210308,0.495782,0,5,3.895631,3.751646,3.657454,3.168620,3.162915,2.974049,0.665916,1.565092,1.194932,2.545518,2.743628,2.365385,2.406136,1.878748,2.101021
2025-11-08 13:37:08.363,65.866,2.858395,1.770521,1.210308,0.000000,0,4,,,,3.168620,3.080898,2.974049,0.665916,1.404347,1.194932,2.545518,2.579372,2.365385,2.408583,1.975306,2.101098
2025-11-08 13:37:08.611,66.115,2.858395,1.770521,1.210308,0.502677,0,5,4.646292,4.126064,4.613847,2.686022,2.795115,2.422803,0.403154,1.177602,0.882204,3.016494,2.704738,2.868062,1.897028,1.827416,1.634750
2025-11-08 13:37:08.861,66.365,2.858395,1.770521,1.210308,0.000000,0,4,4.360078,4.238801,4.385672,,,,0.403154,1.049323,0.882204,3.016494,2.775663,2.868062,1.897028,1.743749,1.634750
2025-11-08 13:37:09.116,66.619,2.858395,1.770521,1.210308,0.427395,0,5,4.928834,4.492999,4.824162,2.692445,2.668184,2.502821,0.816212,1.238323,1.484547,3.341247,3.001388,3.295457,2.051708,1.728438,1.708491
2025-11-08 13:37:09.359,66.862,2.858395,1.770521,1.210308,0.000000,0,4,4.928834,4.636810,4.824162,3.164337,3.020583,3.479679,,,,3.341247,3.129090,3.295457,2.051708,1.719776,1.708491
2025-11-08 13:37:09.855,67.359,2.858395,1.770521,1.210308,0.268521,0,4,4.764060,4.677359,4.730185,2.953780,3.046022,3.079164,0.926128,1.507170,1.857417,,,,2.248296,1.831483,1.977012
2025-11-08 13:37:10.659,68.162,2.858395,1.770521,1.210308,0.518215,0,5,4.021048,4.399535,4.037592,3.261916,3.274786,3.572813,0.527755,1.272747,0.967347,2.882308,3.030104,2.901147,2.661047,2.119720,2.495227
2025-11-08 13:37:10.859,68.363,2.858395,1.770521,1.210308,0.000000,0,4,,,,3.261916,3.404207,3.572813,0.527755,1.140124,0.967347,2.882308,2.974103,2.901147,2.600072,2.282917,2.495527
2025-11-08 13:37:11.112,68.615,2.858395,1.770521,1.210308,0.525748,0,5,4.165326,4.306374,4.185006,2.817657,3.062244,2.616744,0.843538,1.293405,1.493095,3.300870,3.044354,3.135875,1.523125,1.835144,1.251796
2025-11-08 13:37:11.670,69.174,2.858395,1.770521,1.210308,0.429908,0,4,4.129231,4.242296,4.158818,3.148123,3.055473,3.046652,,,,2.369834,2.590930,2.000221,1.589912,1.635271,1.374880
2025-11-08 13:37:11.877,69.380,2.858395,1.770521,1.210308,0.011706,0,4,,,,3.148123,3.051642,3.046652,0.228490,1.069000,0.776652,2.369834,2.334410,2.000221,1.644872,1.517111,1.363175
2025-11-08 13:37:12.147,69.651,2.858395,1.770521,1.210308,0.435995,0,5,3.907050,4.066092,3.836537,2.705905,2.820902,2.520299,0.277740,0.936360,0.763559,2.741395,2.470172,2.647039,2.107381,1.639597,1.799170
2025-11-08 13:37:12.345,69.848,2.858395,1.770521,1.210308,0.000000,0,4,4.689932,4.294983,4.593177,,,,0.277740,0.861319,0.763559,2.741395,2.546978,2.647039,2.107381,1.708893,1.799170
2025-11-08 13:37:12.599,70.103,2.858395,1.770521,1.210308,0.342971,0,5,3.997187,4.151467,3.964499,3.289651,2.922290,3.054376,0.542437,0.953801,1.074283,2.375952,2.508434,2.458221,1.780280,1.599159,1.456199
2025-11-08 13:37:12.843,70.347,2.858395,1.770521,1.210308,0.000000,0,4,3.758183,3.944144,3.674047,,,,0.542437,1.006121,1.074283,2.375952,2.486629,2.458221,1.780280,1.537077,1.456199
2025-11-08 13:37:13.100,70.603,2.858395,1.770521,1.210308,0.049363,0,5,3.908681,3.848288,3.723411,3.485828,3.034834,3.181454,0.495433,1.017413,1.032125,2.375952,2.474292,2.458221,2.376871,1.748743,2.024496
2025-11-08 13:37:13.362,70.866,2.858395,1.770521,1.210308,0.011068,0,4,3.927852,3.860000,3.875256,,,,0.495433,1.023802,1.032125,2.405725,2.472119,2.469289,2.376871,1.868491,2.024496
2025-11-08 13:37:13.624,71.128,2.858395,1.770521,1.210308,0.587431,0,5,4.422582,4.121722,4.462688,3.426078,3.262731,3.559628,0.885954,1.370314,1.821741,2.422448,2.310616,2.100213,1.631412,1.647758,1.360192
2025-11-08 13:37:14.102,71.606,2.858395,1.770521,1.210308,0.310424,0,5,4.837270,4.404594,4.773112,3.280677,3.359814,3.486293,1.378032,1.655167,2.026267,3.324833,2.623705,3.031590,2.365452,1.820367,2.045239
2025-11-08 13:37:14.343,71.846,2.858395,1.770521,1.210308,0.000000,0,4,4.837270,4.564626,4.773112,3.280677,3.414739,3.486293,1.173901,1.803069,1.995752,,,,2.365452,1.918020,2.045239
2025-11-08 13:37:14.877,72.381,2.858395,1.770521,1.210308,0.604758,0,4,4.048577,4.328047,4.019837,2.928085,3.184806,2.885255,0.967732,1.832703,1.871311,,,,1.733173,1.710644,1.440481
2025-11-08 13:37:15.146,72.650,2.858395,1.770521,1.210308,0.246379,0,5,4.380471,4.352275,4.383839,3.026278,3.098140,2.985233,0.680396,1.559919,1.204543,2.873130,2.755251,2.926625,1.955149,1.700316,1.686860
2025-11-08 13:37:15.352,72.856,2.858395,1.770521,1.210308,0.000000,0,4,4.380471,4.365982,4.383839,3.026278,3.049109,2.985233,,,,2.873130,2.829672,2.926625,2.065474,1.736192,1.782930
2025-11-08 13:37:15.608,73.112,2.858395,1.770521,1.210308,0.209519,0,4,4.369766,4.365382,4.364601,3.291281,3.237341,3.482566,,,,3.274359,2.962760,3.136144,2.114416,1.807149,1.899590
2025-11-08 13:37:15.863,73.367,2.858395,1.770521,1.210308,0.000000,0,4,4.369766,4.365043,4.364601,3.152406,3.337158,3.467197,,,,3.274359,3.038053,3.136144,2.114416,1.847292,1.899590
2025-11-08 13:37:16.352,73.855,2.858395,1.770521,1.210308,0.735587,0,5,3.621856,3.998813,3.521697,2.391855,2.966100,2.482695,1.087334,1.725029,1.940130,3.143130,2.997099,2.943746,1.785276,1.699541,1.507054
2025-11-08 13:37:16.608,74.112,2.858395,1.770521,1.210308,0.376611,0,5,3.947224,3.955168,3.898308,3.206854,3.203142,3.511953,1.367735,1.903425,2.135835,2.549392,2.735865,2.395535,2.088517,1.723548,1.754824
2025-11-08 13:37:16.844,74.348,2.858395,1.770521,1.210308,0.000000,0,4,3.947224,3.930476,3.898308,3.206854,3.337246,3.511953,0.678662,1.657045,1.336067,,,,2.088517,1.737130,1.754824
2025-11-08 13:37:17.104,74.607,2.858395,1.770521,1.210308,0.610539,0,5,3.424964,3.698060,3.395275,2.210563,2.968752,2.488687,0.889423,1.720597,1.803390,3.033826,2.853206,3.006074,1.181953,1.411379,0.987000
2025-11-08 13:37:17.346,74.850,2.858395,1.770521,1.210308,0.000000,0,5,3.424964,3.566573,3.395275,2.210563,2.760280,2.488687,0.889423,1.756550,1.803390,2.265626,2.696134,2.491504,1.963816,1.538106,1.703202
2025-11-08 13:37:17.605,75.108,2.858395,1.770521,1.210308,0.257440,0,5,3.743092,3.603981,3.652716,2.108088,2.640687,2.484884,0.656739,1.625036,1.453702,2.989575,2.761259,2.846103,1.969117,1.597023,1.673780
2025-11-08 13:37:17.861,75.365,2.768168,2.045971,1.203710,0.000000,0,4,,,,2.108088,2.573028,2.484884,0.656739,1.550633,1.453702,2.989575,2.798103,2.846103,1.166353,1.334827,0.993245
2025-11-08 13:37:18.091,75.595,2.763676,2.207000,1.379855,0.174428,0,5,3.207067,3.423750,3.188949,1.606425,2.176224,1.659278,0.914402,1.584286,1.628130,2.938899,2.774224,2.743116,0.762269,1.212310,1.052698
2025-11-08 13:37:18.335,75.839,2.791782,2.213762,1.589858,0.091457,0,4,3.009358,3.233685,2.986074,,,,0.914402,1.603326,1.628130,2.938899,2.800431,2.834572,0.762269,1.142997,1.052698
2025-11-08 13:37:18.605,76.108,2.774587,2.259613,1.495577,0.301640,0,5,3.267939,3.257148,3.287714,1.871328,2.174876,2.173119,1.551577,1.558570,1.500263,3.313731,2.928818,3.096077,1.337346,1.241808,1.370536
2025-11-08 13:37:18.854,76.358,2.798311,2.249164,1.515756,0.000000,0,4,3.267939,3.270421,3.287714,1.410245,1.891186,1.521601,,,,3.313731,3.001451,3.096077,1.337346,1.297709,1.370536
2025-11-08 13:37:19.111,76.615,2.857281,2.232925,1.325802,0.352939,0,5,3.360421,3.316882,3.377410,2.205566,2.149116,2.485140,0.965794,1.607032,1.670168,3.750226,3.297698,3.683640,0.691404,1.176068,1.017597
2025-11-08 13:37:19.365,76.868,2.850124,2.253953,1.250707,0.000000,0,5,3.360421,3.343167,3.377410,2.205566,2.295037,2.485140,1.388739,1.766763,1.974857,3.141703,3.175727,3.016826,0.691404,1.107251,1.017597
2025-11-08 13:37:19.615,77.119,2.817861,2.337243,1.343348,0.470995,0,5,3.609417,3.430970,3.545358,2.488211,2.300550,2.307732,0.814784,1.650393,1.498787,2.281024,2.887524,2.512061,0.677943,1.272852,1.488592
2025-11-08 13:37:20.143,77.647,2.702180,2.366680,1.376320,0.420163,0,5,3.015680,3.205370,2.911463,2.129195,2.385760,2.496769,1.823518,1.826698,2.056385,2.182322,2.719480,2.500556,0.706596,1.184079,1.068429
2025-11-08 13:37:20.622,78.126,2.548851,2.304876,1.338040,0.361901,0,5,2.310495,2.828391,2.337272,1.811883,2.276808,2.134868,2.013168,1.893401,1.980299,2.117166,2.623616,2.498726,0.666219,1.308758,1.471186
2025-11-08 13:37:20.855,78.358,2.521703,2.354500,1.561830,0.021066,0,4,,,,1.811883,2.215169,2.134868,1.448086,1.940285,2.001365,2.117166,2.569381,2.498726,1.304412,1.390402,1.496765
2025-11-08 13:37:21.104,78.607,2.440923,2.340750,1.563603,0.236688,0,5,3.473499,2.995570,3.213367,2.193840,2.283081,2.371555,0.990673,1.932877,1.923225,1.479891,2.537417,2.495776,1.277290,1.219419,0.996666
2025-11-08 13:37:21.393,78.897,2.440923,2.340750,1.563603,0.000000,0,4,3.561902,3.220517,3.513572,,,,0.990673,1.928686,1.923225,1.479891,2.519334,2.495776,1.277290,1.122687,0.996666
2025-11-08 13:37:21.892,79.396,2.440923,2.340750,1.563603,0.236688,0,4,2.730895,2.922810,2.534965,,,,0.990673,1.926314,1.923225,1.475708,2.487183,2.445296,1.568806,1.206410,1.315482
2025-11-08 13:37:22.147,79.651,2.329109,2.301005,1.443597,0.048402,0,5,2.561327,2.737291,2.495600,2.543782,2.376371,2.497908,0.990673,1.924973,1.923225,2.177223,2.490012,2.493699,0.621354,1.118241,1.003377
2025-11-08 13:37:22.370,79.874,2.329109,2.301005,1.443597,0.000000,0,4,3.144460,2.915277,3.147154,,,,0.990673,1.924214,1.923225,2.177223,2.491613,2.493699,0.621354,1.068360,1.003377
2025-11-08 13:37:22.601,80.105,2.228100,2.272984,1.547145,0.027830,0,5,2.920344,2.925652,2.939168,2.479238,2.429821,2.499453,3.273430,2.429709,3.088254,2.124192,2.508649,2.521529,0.987915,1.042448,1.008689
2025-11-08 13:37:22.840,80.343,2.228100,2.272984,1.547145,0.000000,0,4,3.489201,3.128559,3.392900,,,,3.273430,2.715688,3.088254,2.124192,2.513426,2.521529,0.987915,1.027788,1.008689
2025-11-08 13:37:23.103,80.607,2.254783,2.341993,1.643674,0.091923,0,5,3.342169,3.211835,3.320326,2.352293,2.401391,2.364354,1.118435,2.060003,1.205793,2.565402,2.501233,2.470037,0.926838,1.059413,1.100613
2025-11-08 13:37:23.343,80.847,2.254783,2.341993,1.643674,0.000000,0,4,2.817972,3.018888,2.767521,,,,1.118435,1.689055,1.205793,2.565402,2.494015,2.470037,0.926838,1.077304,1.100613
2025-11-08 13:37:23.860,81.363,2.149382,2.323051,1.633163,0.287131,0,4,2.731811,2.872426,2.681618,2.805525,2.537347,2.714467,,,,2.174573,2.389569,2.135107,1.657209,1.212115,1.387744
2025-11-08 13:37:24.095,81.598,2.159398,2.371760,1.549913,0.391098,0,5,3.149864,2.997796,3.161126,2.738431,2.504906,2.462643,1.127815,1.816131,1.981682,2.407662,2.400755,2.418671,0.756151,1.118546,0.996646
2025-11-08 13:37:24.353,81.857,2.164957,2.431148,1.477492,0.000000,0,4,3.149864,3.068723,3.161126,2.841416,2.619415,2.768594,,,,2.407662,2.408241,2.418671,0.756151,1.065610,0.996646
2025-11-08 13:37:24.614,82.118,2.139345,2.395326,1.534793,0.379555,0,5,2.688273,2.890235,2.657705,2.315484,2.352437,2.004624,2.174986,2.039184,2.329772,1.508643,2.342807,2.255697,0.846286,1.200487,1.376201
2025-11-08 13:37:24.855,82.359,2.139345,2.395326,1.534793,0.000000,0,4,2.688273,2.789257,2.657705,2.315484,2.201396,2.004624,1.245890,2.030069,2.018196,,,,0.846286,1.276792,1.376201
2025-11-08 13:37:25.130,82.634,2.091913,2.404666,1.693908,0.518440,0,5,3.402532,3.033568,3.351850,3.083376,2.460890,2.798952,1.682705,2.250050,2.536635,1.089774,2.220192,2.059339,0.933364,1.345355,1.434678
2025-11-08 13:37:25.364,82.868,2.039396,2.449106,1.867847,0.000000,0,4,3.402532,3.171784,3.351850,3.083376,2.607696,2.798952,1.682705,2.374502,2.536635,1.099972,2.146107,2.049375,,,
2025-11-08 13:37:25.603,83.107,1.928773,2.491402,1.839691,0.429896,0,5,2.719167,2.938667,2.634967,3.350626,2.787945,3.022769,2.024794,2.253431,2.095702,1.093751,1.917506,1.619480,1.623561,1.348462,1.352509
2025-11-08 13:37:25.843,83.347,1.866552,2.588350,1.861991,0.000000,0,4,,,,3.350626,2.889919,3.022769,2.024794,2.184935,2.095702,1.093751,1.788102,1.619480,1.434823,1.262895,1.151420
2025-11-08 13:37:26.118,83.622,1.749159,2.607210,1.712056,0.122890,0,5,2.464665,2.748746,2.501321,3.275987,2.955153,3.040139,1.876232,2.101469,1.992732,0.374088,1.661516,1.496589,1.588485,1.293024,1.332276
2025-11-08 13:37:26.355,83.859,1.749159,2.607210,1.712056,0.000000,0,4,3.172705,2.929294,3.164508,,,,1.876232,2.054249,1.992732,0.374088,1.589896,1.496589,1.588485,1.310070,1.332276
2025-11-08 13:37:26.603,84.107,1.655231,2.640313,1.680149,0.290060,0,5,2.614245,2.751740,2.520426,2.968258,2.916961,2.867205,1.876232,2.027535,1.992732,0.162715,1.364430,1.070697,1.870824,1.445674,1.622337
2025-11-08 13:37:26.846,84.350,1.655231,2.640313,1.680149,0.058209,0,3,2.636474,2.676567,2.578635,,,,1.876232,2.012421,1.992732,0.162715,1.236874,1.070697,,,
2025-11-08 13:37:27.125,84.629,1.500661,2.634588,1.624241,0.376438,0,5,2.513499,2.560102,2.408374,3.587284,3.058825,3.243643,2.112788,2.209084,2.465291,0.209923,1.173099,1.090014,2.503715,1.764946,2.180885
2025-11-08 13:37:27.339,84.843,1.500661,2.634588,1.624241,0.025687,0,4,2.997937,2.663832,2.798969,,,,2.112788,2.320344,2.465291,0.209923,1.137018,1.090014,2.519418,1.956726,2.206572
2025-11-08 13:37:27.863,85.367,1.500661,2.634588,1.624241,0.114047,0,4,2.955010,2.764263,2.895102,3.861772,3.322917,3.666969,,,,0.083897,1.067081,0.975967,1.615912,1.691985,1.347086
2025-11-08 13:37:28.131,85.635,1.284705,2.723805,1.419338,0.559094,0,5,2.812975,2.774257,2.787277,4.456732,3.715116,4.226063,3.156190,2.557820,2.867198,0.493690,1.304262,1.613256,2.369020,1.827179,2.003308
2025-11-08 13:37:28.361,85.864,1.071597,2.815516,1.225168,0.000000,0,5,2.812975,2.779911,2.787277,4.456732,3.936999,4.226063,3.035464,2.675470,2.828742,0.030060,1.169964,0.995004,2.369020,1.903665,2.003308
2025-11-08 13:37:28.604,86.108,1.071597,2.815516,1.225168,0.328816,0,4,2.492296,2.658441,2.500193,3.523658,3.596429,3.152742,2.594977,2.599239,2.499926,,,,2.025299,1.834810,1.745108
2025-11-08 13:37:28.844,86.347,1.044399,2.786389,1.217530,0.000000,0,4,2.492296,2.589721,2.500193,3.523658,3.403754,3.152742,2.594977,2.556111,2.499926,0.657957,1.306603,1.484612,,,
2025-11-08 13:37:29.106,86.609,1.013471,2.764943,1.329698,0.410893,0,5,2.898930,2.729276,2.911086,3.704441,3.402887,3.401758,2.435505,2.545457,2.531577,0.022313,1.187276,1.031820,2.828371,2.123071,2.498611
2025-11-08 13:37:29.373,86.877,1.013471,2.764943,1.329698,0.000000,0,4,,,,3.704441,3.402397,3.401758,2.435505,2.539430,2.531577,0.022313,1.119768,1.031820,2.664208,2.280843,2.486384
2025-11-08 13:37:30.588,88.092,0.886036,2.790095,1.179021,0.493008,0,5,2.577232,2.594136,2.418078,4.418904,3.798341,4.314169,2.900157,2.595854,2.669363,0.100518,1.075935,1.018830,2.266750,2.137127,1.949897
2025-11-08 13:37:30.850,88.354,0.886036,2.790095,1.179021,0.000000,0,4,2.577232,2.517681,2.418078,4.418904,4.022344,4.314169,2.705711,2.556422,2.505050,,,,2.266750,2.055821,1.949897
2025-11-08 13:37:31.145,88.649,0.818515,2.839124,0.966290,0.015913,0,4,2.613634,2.495922,2.467574,3.851371,3.815962,3.547093,2.490362,2.531861,2.499864,0.333404,1.044226,1.002916,,,
2025-11-08 13:37:31.360,88.864,0.794556,2.854528,0.884193,0.000000,0,4,2.613634,2.483611,2.467574,3.851371,3.699203,3.547093,2.493421,2.518111,2.500197,0.364605,1.013638,0.973789,,,
2025-11-08 13:37:31.606,89.110,0.751192,2.907261,0.913708,0.338572,0,5,3.228989,2.797198,3.205732,4.241793,3.892207,4.143649,3.064830,2.657360,2.838770,0.439446,1.048366,1.093608,1.968199,1.897687,1.691673
2025-11-08 13:37:31.868,89.372,0.751192,2.907261,0.913708,0.000000,0,3,3.228989,2.974607,3.205732,4.241793,4.001398,4.143649,3.064830,2.736139,2.838770,,,,,,
2025-11-08 13:37:32.103,89.606,0.741328,3.052325,0.935347,0.151610,0,5,3.490833,3.140813,3.357341,4.424106,4.106897,4.244339,2.170604,2.627330,2.485577,0.293536,1.034679,1.016848,2.149696,1.881872,1.861269
2025-11-08 13:37:32.356,89.860,0.741328,3.052325,0.935347,0.000000,0,4,,,,4.424106,4.166582,4.244339,2.170604,2.565773,2.485577,0.293536,1.026935,1.016848,2.773309,2.148841,2.496642
2025-11-08 13:37:32.598,90.101,0.729111,3.059747,0.983285,0.316445,0,5,2.696327,2.898111,2.581926,3.848515,3.896783,3.545295,2.762302,2.578220,2.594436,0.069724,0.976953,0.911837,2.500657,2.162458,2.180198
2025-11-08 13:37:32.847,90.351,0.729111,3.059747,0.983285,0.000000,0,4,3.571487,3.129038,3.429884,,,,2.762302,2.585262,2.594436,0.069724,0.939871,0.911837,2.500657,2.170162,2.180198
2025-11-08 13:37:33.105,90.609,0.729111,3.059747,0.983285,0.091752,0,4,3.482062,3.230345,3.362324,4.064578,3.926171,3.964457,2.463342,2.549402,2.502684,,,,2.193234,2.037733,1.865208
2025-11-08 13:37:33.357,90.860,0.729111,3.059747,0.983285,0.000000,0,3,3.482062,3.287658,3.362324,3.721775,3.706890,3.421216,,,,,,,2.193234,1.962813,1.865208
2025-11-08 13:37:33.598,91.102,0.729111,3.059747,0.983285,0.141343,0,4,3.471765,3.258702,3.220980,3.874211,3.661330,3.601976,2.722536,2.497679,2.430296,,,,2.489542,2.065312,2.198847
2025-11-08 13:37:33.853,91.357,0.729111,3.059747,0.983285,0.000000,0,4,3.471765,3.242321,3.220980,3.874211,3.635555,3.601976,2.990599,2.584356,2.697276,,,,2.489542,2.123301,2.198847
2025-11-08 13:37:34.116,91.619,0.731958,3.091695,0.952545,0.627882,0,5,2.707237,2.930114,2.523377,4.682889,3.959367,4.381221,2.148886,2.546167,2.496415,0.470647,1.063801,1.300690,1.833708,1.883444,1.570965
2025-11-08 13:37:34.357,91.861,0.731958,3.091695,0.952545,0.000000,0,3,2.707237,2.753485,2.523377,4.682889,4.142561,4.381221,2.148886,2.524561,2.496415,,,,,,
2025-11-08 13:37:34.596,92.100,0.731958,3.091695,0.952545,0.168987,0,4,2.757302,2.726942,2.692363,3.516011,3.717705,3.164212,2.150413,2.510633,2.500104,,,,2.044877,1.820127,1.737639
2025-11-08 13:37:34.860,92.364,0.731958,3.091695,0.952545,0.168987,0,3,,,,3.516011,3.477346,3.164212,2.150413,2.506728,2.500104,,,,2.682867,2.108238,2.483581
2025-11-08 13:37:35.113,92.617,0.765266,3.049447,1.011385,0.295006,0,5,2.990086,2.840035,2.987369,4.133505,3.737096,4.075493,2.523705,2.504984,2.500522,0.433533,1.136070,1.242850,2.400019,2.095892,2.079809
2025-11-08 13:37:35.344,92.848,0.765266,3.049447,1.011385,0.000000,0,4,3.765728,3.187131,3.639319,,,,2.523705,2.503952,2.500522,0.433533,1.181375,1.242850,2.400019,2.088908,2.079809
2025-11-08 13:37:35.597,93.100,0.956761,3.014799,0.908564,0.220805,0,4,3.550787,3.287611,3.418514,4.122087,3.848005,3.992494,3.226545,2.649987,3.005773,,,,1.927006,1.888278,1.626902
2025-11-08 13:37:35.843,93.346,1.077042,3.041440,1.197079,0.000000,0,4,3.550787,3.344457,3.418514,3.540685,3.564176,3.194411,2.405935,2.592077,2.499323,,,,1.927006,1.774773,1.626902
2025-11-08 13:37:36.094,93.598,1.070024,3.046523,1.276764,0.562704,0,5,2.870584,3.117490,2.821802,4.022568,3.684847,3.842053,2.604766,2.554189,2.501398,0.557116,1.394860,1.676646,2.480264,1.954917,2.189605
2025-11-08 13:37:36.343,93.847,1.070024,3.046523,1.276764,0.000000,0,4,2.870584,2.989085,2.821802,4.022568,3.753115,3.842053,2.880784,2.566401,2.582658,,,,2.480264,2.056833,2.189605
2025-11-08 13:37:36.601,94.105,1.000643,3.004833,1.245901,0.186640,0,5,2.916265,2.852130,2.673709,3.806915,3.710687,3.655414,2.941861,2.630032,2.713507,0.089810,1.297500,1.170128,1.810461,1.847809,1.575497
2025-11-08 13:37:36.859,94.363,0.946344,2.979462,1.217617,0.000000,0,4,2.916265,2.774649,2.673709,3.806915,3.686684,3.655414,2.941861,2.666236,2.713507,0.124783,1.182944,1.033504,,,
2025-11-08 13:37:37.097,94.600,0.898350,3.069376,1.213203,0.703330,0,5,3.756143,3.146928,3.631923,4.664230,3.978532,4.358744,2.322427,2.593396,2.498433,0.083795,1.084389,0.955938,2.713966,2.133086,2.504737
2025-11-08 13:37:37.355,94.859,0.917134,3.262522,1.270077,0.000000,0,4,,,,4.664230,4.143642,4.358744,2.322427,2.552163,2.498433,0.083795,1.028612,0.955938,1.865725,1.900234,1.596881
2025-11-08 13:37:37.841,95.345,0.917134,3.262522,1.270077,0.795277,0,3,2.872318,2.995396,2.797985,,,,3.351349,2.914112,3.385685,,,,2.584981,2.113857,2.392159
2025-11-08 13:37:38.108,95.612,0.917134,3.262522,1.270077,0.130832,0,4,3.755634,3.286702,3.666209,4.474473,4.180237,4.227912,2.257069,2.732827,2.496649,,,,2.884450,2.281174,2.499151
2025-11-08 13:37:38.392,95.895,0.917134,3.262522,1.270077,0.000000,0,4,3.755634,3.451506,3.666209,3.746858,3.903765,3.543583,2.294183,2.630216,2.496536,,,,2.884450,2.375832,2.499151
2025-11-08 13:37:38.864,96.368,0.917134,3.262522,1.270077,0.252017,0,4,2.716108,3.030729,2.482550,4.094861,3.856793,3.795600,2.250340,2.574950,2.502949,,,,1.823105,2.019924,1.556256
2025-11-08 13:37:39.357,96.861,0.917134,3.262522,1.270077,0.566646,0,3,3.642556,3.235695,3.502721,3.563832,3.584149,3.228954,3.313519,2.772203,3.029181,,,,,,
2025-11-08 13:37:39.604,97.108,0.917134,3.262522,1.270077,0.512717,0,4,2.828371,3.030757,2.763769,3.937225,3.695429,3.840402,3.340132,2.932233,3.140717,,,,2.374935,2.041224,2.068973
2025-11-08 13:37:39.846,97.350,0.917134,3.262522,1.270077,0.000000,0,3,,,,3.937225,3.758385,3.840402,3.340132,3.022769,3.140717,,,,2.468742,2.091478,2.156947
2025-11-08 13:37:40.102,97.605,0.916515,3.190293,1.536474,0.342225,0,5,3.398656,3.200267,3.421101,3.695262,3.657201,3.525382,2.615983,2.797651,2.504373,0.305877,1.052570,1.083784,2.946139,2.268523,2.499173
2025-11-08 13:37:40.343,97.846,0.916515,3.190293,1.536474,0.000038,0,4,3.772154,3.383442,3.622077,,,,2.615983,2.670309,2.504411,0.305877,1.066125,1.083784,2.946139,2.368685,2.499173
2025-11-08 13:37:40.610,98.113,0.950439,3.183752,1.598384,0.385978,0,5,3.348491,3.296136,3.182396,4.037354,3.767572,3.911360,2.111363,2.579162,2.460418,0.690377,1.253842,1.498396,2.716720,2.423887,2.495803
2025-11-08 13:37:40.841,98.345,0.950439,3.183752,1.598384,0.000000,0,4,3.348491,3.246744,3.182396,4.239448,3.926698,4.134004,,,,0.690377,1.360042,1.498396,2.716720,2.455117,2.495803
2025-11-08 13:37:41.095,98.598,0.950439,3.183752,1.598384,0.285110,0,4,3.022818,3.088794,2.883021,3.801816,3.781275,3.591820,3.036586,2.651408,2.745528,,,,2.646976,2.469904,2.489169
2025-11-08 13:37:41.353,98.857,0.950439,3.183752,1.598384,0.000000,0,4,3.022818,2.999436,2.883021,3.801816,3.699002,3.591820,2.310599,2.584996,2.498476,,,,2.646976,2.478270,2.489169
2025-11-08 13:37:41.603,99.107,0.876150,3.117368,1.330856,0.285394,0,5,2.656156,2.825966,2.599973,4.287268,3.912666,4.191022,2.234026,2.546807,2.497055,0.532538,1.296188,1.213002,2.129610,2.234170,1.916163
2025-11-08 13:37:41.857,99.361,0.807413,3.122915,1.010779,0.000000,0,4,2.656156,2.727827,2.599973,4.287268,4.033545,4.191022,2.234026,2.525202,2.497055,0.596064,1.161017,0.984919,,,
2025-11-08 13:37:42.101,99.604,0.766902,3.161937,0.892303,0.046036,0,5,3.438221,2.974024,3.294764,4.316328,4.098018,4.182013,2.320797,2.489532,2.443063,0.015682,1.104537,1.030955,2.225048,2.084589,1.889719
2025-11-08 13:37:42.359,99.863,0.766902,3.161937,0.892303,0.000000,0,4,,,,4.316328,4.134494,4.182013,2.320797,2.469353,2.443063,0.015682,1.072583,1.030955,2.701833,2.262272,2.493753
2025-11-08 13:37:42.899,100.403,0.766902,3.161937,0.892303,0.112140,0,3,2.562551,2.755658,2.471176,,,,2.157960,2.370510,2.241740,,,,2.578661,2.314097,2.381612
2025-11-08 13:37:43.117,100.621,0.756037,3.208052,0.858811,0.194003,0,5,3.589942,3.078403,3.498868,4.132384,4.096246,4.046419,2.642902,2.439350,2.529032,0.321271,1.061927,1.048044,2.505551,2.259168,2.187609
2025-11-08 13:37:43.399,100.902,0.756037,3.208052,0.858811,0.000000,0,4,3.589942,3.260993,3.498868,4.602235,4.172548,4.271952,,,,0.321271,1.055898,1.048044,2.505551,2.228093,2.187609
2025-11-08 13:37:43.858,101.362,0.725427,3.192597,0.876650,0.314017,0,5,2.597829,2.955237,2.556906,3.935391,4.023933,3.830321,3.062892,2.614660,2.843049,0.068194,1.051722,1.046281,2.203024,2.084261,1.896880
2025-11-08 13:37:44.092,101.596,0.725427,3.192597,0.876650,0.346924,0,4,3.176490,3.030430,3.128390,4.399019,4.090510,4.177245,2.369433,2.564872,2.500010,,,,2.602111,2.259075,2.486817
2025-11-08 13:37:44.351,101.854,0.725427,3.192597,0.876650,0.025500,0,3,3.176490,3.072970,3.128390,,,,2.369433,2.536705,2.500010,0.247448,1.060433,1.071781,,,
2025-11-08 13:37:44.605,102.108,0.725427,3.192597,0.876650,0.025500,0,4,3.069313,3.059854,3.042767,4.245159,4.130898,4.183515,2.369433,2.520770,2.500010,,,,2.039370,2.138371,1.981121
2025-11-08 13:37:44.858,102.362,0.711057,3.268388,0.744584,0.020994,0,4,3.069313,3.052434,3.042767,4.663007,4.219424,4.334753,2.369433,2.511755,2.500010,0.312706,1.056244,1.050787,,,
2025-11-08 13:37:45.112,102.615,0.711057,3.268388,0.744584,0.026209,0,4,3.327384,3.125231,3.220069,4.449187,4.258125,4.308544,2.369433,2.506654,2.500010,,,,2.739253,2.296353,2.502168
2025-11-08 13:37:45.345,102.849,0.709281,3.349820,0.663827,0.000000,0,4,3.327384,3.166415,3.220069,4.449187,4.280020,4.308544,2.369433,2.503769,2.500010,0.243575,1.084845,1.106466,,,
2025-11-08 13:37:45.597,103.101,0.727238,3.415525,0.730296,0.082125,0,5,3.655505,3.333940,3.552188,4.358134,4.256743,4.226418,2.369433,2.502137,2.500010,0.068297,1.068842,1.041695,2.181917,2.156653,1.974655
2025-11-08 13:37:45.840,103.344,0.761455,3.482283,0.825460,0.000000,0,5,3.655505,3.428716,3.552188,4.358134,4.243574,4.226418,2.369433,2.501213,2.500010,0.301489,1.047512,0.992941,2.082095,2.091473,2.006559
2025-11-08 13:37:46.096,103.600,0.731434,3.461512,0.787718,0.073298,0,5,2.841117,3.172332,2.838320,4.366595,4.237115,4.228701,2.369433,2.500691,2.500010,0.017825,1.051845,1.066239,2.977239,2.262273,2.484786
2025-11-08 13:37:46.362,103.866,0.682261,3.413289,0.711493,0.000000,0,5,2.841117,3.027284,2.838320,4.366595,4.233462,4.228701,2.369433,2.500303,2.500010,0.314847,1.040433,0.995033,2.692552,2.356489,2.479231
2025-11-08 13:37:46.626,104.129,0.755197,3.395833,0.926362,0.336918,0,5,3.745030,3.296396,3.646987,3.777752,3.976829,3.642494,2.369433,2.500194,2.500010,0.071253,1.043292,1.056239,2.358417,2.263481,2.142313
2025-11-08 13:37:46.842,104.345,0.845410,3.367849,1.079068,0.250116,0,4,3.174541,3.234536,3.153948,3.777752,3.831641,3.642494,2.369433,2.500143,2.500010,0.271615,1.117595,1.306355,,,
